group_name	dmel_cre_id	tier1_scope	is_focal_tier1	is_singleton_tier1	species	role	expected_state	observed_class	alignment_status	target_chrom	target_start0	target_end0	best_peak_id	best_overlap_bp	best_overlap_fraction_lifted	best_overlap_fraction_peak	positional_peak	same_fbgn_peak_local	local_same_fbgn_peak_id	local_same_fbgn	best_local_same_fbgn_distance_bp	shared_fbgn_with_best_peak	gene_support_at_best_peak	species_qc
azteca_affinis_miranda_group	DMEL_CRE_00080	focal	yes	yes	d_affinis	consensus	turnover_candidate	turnover_candidate	mapped	contig_14	11545238	11546262		0	0.000000	0.000000	no	yes	d_affinis_PEAK_00134	FBgn0267001	0.0		no_peak_at_locus	PASS
azteca_affinis_miranda_group	DMEL_CRE_00080	focal	yes	yes	dmir	consensus	turnover_candidate	turnover_candidate	mapped	NC_046674.1	25908510	25909518		0	0.000000	0.000000	no	yes	dmir_PEAK_00217	FBgn0267001	0.0		no_peak_at_locus	PASS
azteca_affinis_miranda_group	DMEL_CRE_00080	focal	yes	yes	dper	consensus	turnover_candidate	turnover_candidate	mapped	NW_020825312.1	5948721	5949754		0	0.000000	0.000000	no	yes	dper_PEAK_00265	FBgn0267001	0.0		no_peak_at_locus	PASS
azteca_affinis_miranda_group	DMEL_CRE_00080	focal	yes	yes	dazt	discordant	present	present	mapped	VCKU01000014.1	2903569	2904574	dazt_PEAK_00445	620	0.616915	1.000000	yes	yes	dazt_PEAK_00054	FBgn0267001	0.0		discordant_fbgn	PASS
azteca_affinis_miranda_group	DMEL_CRE_00309	focal	yes	yes	d_affinis	consensus	turnover_candidate	turnover_candidate	mapped	contig_14	340150	340607		0	0.000000	0.000000	no	yes	d_affinis_PEAK_00367	FBgn0052365	0.0		no_peak_at_locus	PASS
azteca_affinis_miranda_group	DMEL_CRE_00309	focal	yes	yes	dmir	consensus	turnover_candidate	turnover_candidate	mapped	NC_046674.1	10024808	10025289	dmir_PEAK_00513	219	0.455301	0.188793	no	yes	dmir_PEAK_00513	FBgn0016694	765.0	FBgn0016694	shared_fbgn	PASS
azteca_affinis_miranda_group	DMEL_CRE_00309	focal	yes	yes	dper	consensus	turnover_candidate	turnover_candidate	mapped	NW_020825332.1	577905	578720		0	0.000000	0.000000	no	yes	dper_PEAK_00392	FBgn0016694	0.0		no_peak_at_locus	PASS
azteca_affinis_miranda_group	DMEL_CRE_00309	focal	yes	yes	dazt	discordant	present	present	mapped	VCKU01000071.1	147045	147847	dazt_PEAK_00234	435	0.542394	0.630435	yes	yes	dazt_PEAK_00162	FBgn0052365	0.0	FBgn0016694|FBgn0052365	shared_fbgn	PASS
azteca_affinis_miranda_group	DMEL_CRE_00310	focal	yes	yes	d_affinis	consensus	present	present	mapped	contig_14	19091124	19091846	d_affinis_PEAK_00142	722	1.000000	0.902500	yes	yes	d_affinis_PEAK_00142	FBgn0003149	0.0	FBgn0003149|FBgn0040828	shared_fbgn	PASS
azteca_affinis_miranda_group	DMEL_CRE_00310	focal	yes	yes	dmir	consensus	present	present	mapped	NC_046674.1	7690404	7691066	dmir_PEAK_00382	590	0.891239	1.000000	yes	yes	dmir_PEAK_00382	FBgn0003149	0.0	FBgn0003149|FBgn0040828	shared_fbgn	PASS
azteca_affinis_miranda_group	DMEL_CRE_00310	focal	yes	yes	dper	consensus	present	present	mapped	NW_020825355.1	399832	400500	dper_PEAK_00160	668	1.000000	0.982353	yes	yes	dper_PEAK_00160	FBgn0003149	0.0	FBgn0003149|FBgn0040828	shared_fbgn	PASS
azteca_affinis_miranda_group	DMEL_CRE_00310	focal	yes	yes	dazt	discordant	turnover_candidate	turnover_candidate	mapped	VCKU01000016.1	3615627	3616415		0	0.000000	0.000000	no	yes	dazt_PEAK_00002	FBgn0003149	2336.0		no_peak_at_locus	PASS
azteca_affinis_miranda_group	DMEL_CRE_00330	focal	yes	yes	d_affinis	consensus	present	present	mapped	contig_14	25802208	25803024	d_affinis_PEAK_00248	644	0.789216	0.990769	yes	yes	d_affinis_PEAK_00044	FBgn0000567	0.0	FBgn0000567	shared_fbgn	PASS
azteca_affinis_miranda_group	DMEL_CRE_00330	focal	yes	yes	dmir	consensus	present	present	mapped	NC_046674.1	23028006	23028887	dmir_PEAK_00128	857	0.972758	0.714167	yes	yes	dmir_PEAK_00050	FBgn0000567	0.0	FBgn0000567	shared_fbgn	PASS
azteca_affinis_miranda_group	DMEL_CRE_00330	focal	yes	yes	dper	consensus	present	present	mapped	NW_020825312.1	3272812	3273712	dper_PEAK_00218	792	0.880000	0.870330	yes	yes	dper_PEAK_00037	FBgn0000567	0.0	FBgn0000567	shared_fbgn	PASS
azteca_affinis_miranda_group	DMEL_CRE_00330	focal	yes	yes	dazt	discordant	turnover_candidate	turnover_candidate	mapped	VCKU01000016.1	4524192	4525090		0	0.000000	0.000000	no	yes	dazt_PEAK_00052	FBgn0000567	0.0		no_peak_at_locus	PASS
azteca_affinis_miranda_group	DMEL_CRE_00331	focal	yes	yes	d_affinis	consensus	present	present	mapped	contig_14	25818444	25819314	d_affinis_PEAK_00101	814	0.935632	0.969048	yes	yes	d_affinis_PEAK_00044	FBgn0000567	0.0	FBgn0000567|FBgn0036740	shared_fbgn	PASS
azteca_affinis_miranda_group	DMEL_CRE_00331	focal	yes	yes	dmir	consensus	present	present	mapped	NC_046674.1	23011016	23011888	dmir_PEAK_00104	824	0.944954	0.936364	yes	yes	dmir_PEAK_00050	FBgn0000567	0.0	FBgn0000567|FBgn0036740	shared_fbgn	PASS
azteca_affinis_miranda_group	DMEL_CRE_00331	focal	yes	yes	dper	consensus	present	present	mapped	NW_020825312.1	3255814	3256704	dper_PEAK_00043	846	0.950562	0.881250	yes	yes	dper_PEAK_00037	FBgn0000567	0.0	FBgn0000567|FBgn0036740	shared_fbgn	PASS
azteca_affinis_miranda_group	DMEL_CRE_00331	focal	yes	yes	dazt	discordant	turnover_candidate	turnover_candidate	mapped	VCKU01000016.1	4541461	4542380		0	0.000000	0.000000	no	yes	dazt_PEAK_00052	FBgn0000567	0.0		no_peak_at_locus	PASS
immigrans_group	DMEL_CRE_00052	focal	yes	yes	dfor	consensus	present	present	mapped	contig_28	1510190	1511173	dfor_PEAK_00057	520	0.528993	0.619048	yes	yes	dfor_PEAK_00002	FBgn0004198	0.0	FBgn0004198|FBgn0029952	shared_fbgn	PASS
immigrans_group	DMEL_CRE_00052	focal	yes	yes	dnas	consensus	present	present	mapped	CM042376.1	987376	988440	dnas_PEAK_00045	920	0.864662	0.621622	yes	yes	dnas_PEAK_00045	FBgn0004198	0.0	FBgn0004198	shared_fbgn	PASS
immigrans_group	DMEL_CRE_00052	focal	yes	yes	dsul	consensus	present	present	mapped	JAJJHZ010001261.1	539553	541325	dsul_PEAK_00073	1200	0.677201	1.000000	yes	yes	dsul_PEAK_00023	FBgn0004198	0.0	FBgn0004198|FBgn0029952	shared_fbgn	PASS
immigrans_group	DMEL_CRE_00052	focal	yes	yes	dimm	discordant	turnover_candidate	turnover_candidate	mapped	JAECXZ010000294.1	6829694	6830658		0	0.000000	0.000000	no	yes	dimm_PEAK_00041	FBgn0004198	0.0		no_peak_at_locus	PASS
immigrans_group	DMEL_CRE_00077	focal	yes	yes	dfor	consensus	turnover_candidate	turnover_candidate	mapped	contig_143	70798	71273		0	0.000000	0.000000	no	yes	dfor_PEAK_00430	FBgn0267001	0.0		no_peak_at_locus	PASS
immigrans_group	DMEL_CRE_00077	focal	yes	yes	dnas	consensus	turnover_candidate	turnover_candidate	mapped	CM042376.1	26508910	26509497		0	0.000000	0.000000	no	yes	dnas_PEAK_00106	FBgn0267001	0.0		no_peak_at_locus	PASS
immigrans_group	DMEL_CRE_00077	focal	yes	yes	dsul	consensus	turnover_candidate	turnover_candidate	mapped	JAJJHZ010002589.1	4697581	4698143		0	0.000000	0.000000	no	yes	dsul_PEAK_00496	FBgn0267001	0.0		no_peak_at_locus	PASS
immigrans_group	DMEL_CRE_00077	focal	yes	yes	dimm	discordant	present	present	mapped	JAECXZ010000403.1	2092110	2092605	dimm_PEAK_00453	495	1.000000	0.773438	yes	yes	dimm_PEAK_00126	FBgn0267001	0.0		discordant_fbgn	PASS
obscura_group	DMEL_CRE_00065	focal	yes	yes	dbif	consensus	turnover_candidate	turnover_candidate	mapped	CM019041.1	40498254	40498816		0	0.000000	0.000000	no	yes	dbif_PEAK_00443	FBgn0261260	0.0		no_peak_at_locus	PASS
obscura_group	DMEL_CRE_00065	focal	yes	yes	dobs	consensus	turnover_candidate	turnover_candidate	mapped	NW_024542865.1	544398	545068		0	0.000000	0.000000	no	yes	dobs_PEAK_00025	FBgn0261260	1025.0		no_peak_at_locus	PASS
obscura_group	DMEL_CRE_00065	focal	yes	yes	dsub	discordant	present	present	mapped	NC_048530.1	4429006	4429727	dsub_PEAK_00135	667	0.925104	0.926389	yes	yes	dsub_PEAK_00135	FBgn0261260	0.0	FBgn0261260	shared_fbgn	PASS
obscura_group	DMEL_CRE_00093	focal	yes	yes	dbif	consensus	turnover_candidate	turnover_candidate	mapped	CM019041.1	30609415	30610601		0	0.000000	0.000000	no	yes	dbif_PEAK_00492	FBgn0004169	281.0		no_peak_at_locus	PASS
obscura_group	DMEL_CRE_00093	focal	yes	yes	dobs	consensus	turnover_candidate	turnover_candidate	mapped	NW_024542865.1	9749034	9749915		0	0.000000	0.000000	no	yes	dobs_PEAK_00544	FBgn0004169	0.0		no_peak_at_locus	PASS
obscura_group	DMEL_CRE_00093	focal	yes	yes	dsub	discordant	present	present	mapped	NC_048530.1	10868312	10869304	dsub_PEAK_00214	750	0.756048	1.000000	yes	yes	dsub_PEAK_00214	FBgn0004169	0.0	FBgn0004169	shared_fbgn	PASS
obscura_group	DMEL_CRE_00121	focal	yes	yes	dbif	consensus	present	present	mapped	CM019041.1	7750369	7750793	dbif_PEAK_00171	424	1.000000	0.605714	yes	yes	dbif_PEAK_00083	FBgn0030886	0.0	FBgn0030886	shared_fbgn	PASS
obscura_group	DMEL_CRE_00121	focal	yes	yes	dobs	consensus	present	present	mapped	NW_024542752.1	1554184	1554593	dobs_PEAK_00410	409	1.000000	0.693220	yes	yes	dobs_PEAK_00288	FBgn0030886	0.0	FBgn0030886	shared_fbgn	PASS
obscura_group	DMEL_CRE_00121	focal	yes	yes	dsub	discordant	turnover_candidate	turnover_candidate	mapped	NC_048530.1	21278350	21278796		0	0.000000	0.000000	no	yes	dsub_PEAK_00155	FBgn0030886	0.0		no_peak_at_locus	PASS
obscura_group	DMEL_CRE_00122	focal	yes	yes	dbif	consensus	present	present	mapped	CM019041.1	2586164	2587676	dbif_PEAK_00069	930	0.615079	1.000000	yes	yes	dbif_PEAK_00069	FBgn0283471	0.0	FBgn0283471	shared_fbgn	PASS
obscura_group	DMEL_CRE_00122	focal	yes	yes	dobs	consensus	present	present	mapped	NW_024542816.1	1269189	1270773	dobs_PEAK_00036	860	0.542929	1.000000	yes	yes	dobs_PEAK_00036	FBgn0283471	0.0	FBgn0283471	shared_fbgn	PASS
obscura_group	DMEL_CRE_00122	focal	yes	yes	dsub	discordant	turnover_candidate	turnover_candidate	mapped	NC_048530.1	6344720	6346269	dsub_PEAK_00274	710	0.458360	1.000000	no	yes	dsub_PEAK_00077	FBgn0283471	0.0	FBgn0283471	shared_fbgn	PASS
obscura_group	DMEL_CRE_00152	focal	yes	yes	dbif	consensus	present	present	mapped	CM019044.1	6600639	6601692	dbif_PEAK_00308	611	0.580247	0.985484	yes	yes	dbif_PEAK_00112	FBgn0262127	0.0	FBgn0038256|FBgn0262127	shared_fbgn	PASS
obscura_group	DMEL_CRE_00152	focal	yes	yes	dobs	consensus	present	present	mapped	NW_024542736.1	6684551	6685642	dobs_PEAK_00443	620	0.568286	1.000000	yes	yes	dobs_PEAK_00091	FBgn0262127	0.0	FBgn0038256|FBgn0262127	shared_fbgn	PASS
obscura_group	DMEL_CRE_00152	focal	yes	yes	dsub	discordant	turnover_candidate	turnover_candidate	mapped	NC_048533.1	13499148	13500166		0	0.000000	0.000000	no	yes	dsub_PEAK_00305	FBgn0262127	0.0		no_peak_at_locus	PASS
obscura_group	DMEL_CRE_00276	focal	yes	yes	dbif	consensus	present	present	mapped	CM019042.1	12441788	12442731	dbif_PEAK_00067	820	0.869565	1.000000	yes	yes	dbif_PEAK_00022	FBgn0264695	327.0	FBgn0032602|FBgn0264695	shared_fbgn	PASS
obscura_group	DMEL_CRE_00276	focal	yes	yes	dobs	consensus	present	present	mapped	NW_024542791.1	6529864	6530481	dobs_PEAK_00041	617	1.000000	0.725882	yes	yes	dobs_PEAK_00003	FBgn0032602	0.0	FBgn0032602|FBgn0264695	shared_fbgn	PASS
obscura_group	DMEL_CRE_00276	focal	yes	yes	dsub	discordant	turnover_candidate	turnover_candidate	mapped	NC_048534.1	10335584	10336246		0	0.000000	0.000000	no	yes	dsub_PEAK_00006	FBgn0264695	672.0		no_peak_at_locus	PASS
obscura_group	DMEL_CRE_00309	focal	yes	yes	dbif	consensus	turnover_candidate	turnover_candidate	mapped	CM019043.1	46400278	46400715	dbif_PEAK_00137	82	0.187643	0.101235	no	yes	dbif_PEAK_00137	FBgn0016694	0.0	FBgn0016694|FBgn0052365	shared_fbgn	PASS
obscura_group	DMEL_CRE_00309	focal	yes	yes	dobs	consensus	turnover_candidate	turnover_candidate	mapped	NW_024542679.1	7352603	7353047	dobs_PEAK_00089	337	0.759009	0.426582	no	yes	dobs_PEAK_00089	FBgn0016694	0.0	FBgn0016694|FBgn0052365	shared_fbgn	PASS
obscura_group	DMEL_CRE_00309	focal	yes	yes	dsub	discordant	present	present	mapped	NC_048532.1	23469486	23470237	dsub_PEAK_00183	447	0.595206	0.667164	yes	yes	dsub_PEAK_00183	FBgn0052365	0.0	FBgn0016694|FBgn0052365	shared_fbgn	PASS
repleta_group	DMEL_CRE_00306	focal	yes	yes	d_arizonae	consensus	present	present	mapped	NW_017127684.1	5406358	5407362	d_arizonae_PEAK_00329	640	0.637450	1.000000	yes	yes	d_arizonae_PEAK_00329	FBgn0035719	0.0	FBgn0035719	shared_fbgn	PASS
repleta_group	DMEL_CRE_00306	focal	yes	yes	d_buzzatii	consensus	present	present	mapped	contig_505	8266112	8267133	d_buzzatii_PEAK_00149	680	0.666014	1.000000	yes	yes	d_buzzatii_PEAK_00149	FBgn0035719	0.0	FBgn0035719	shared_fbgn	PASS
repleta_group	DMEL_CRE_00306	focal	yes	yes	d_mojavensis	consensus	present	present	mapped	NW_025318899.1	8010754	8011764	d_mojavensis_PEAK_00359	610	0.603960	1.000000	yes	yes	d_mojavensis_PEAK_00359	FBgn0035719	0.0	FBgn0035719	shared_fbgn	PASS
repleta_group	DMEL_CRE_00306	focal	yes	yes	d_repleta	discordant	turnover_candidate	turnover_candidate	mapped	JAEIGN010000753.1	1453705	1454700		0	0.000000	0.000000	no	yes	d_repleta_PEAK_00467	FBgn0035719	0.0		no_peak_at_locus	PASS
rufa_group	DMEL_CRE_00151	focal	yes	yes	d_serrata	consensus	present	present	mapped	contig_233	70216	70907	d_serrata_PEAK_00024	594	0.859624	0.588119	yes	yes	d_serrata_PEAK_00024	FBgn0262127	0.0	FBgn0038256|FBgn0262127	shared_fbgn	PASS
rufa_group	DMEL_CRE_00151	focal	yes	yes	dbir	consensus	present	present	mapped	contig_64	4804562	4805202	dbir_PEAK_00365	432	0.675000	0.757895	yes	yes	dbir_PEAK_00253	FBgn0262127	0.0	FBgn0262127	shared_fbgn	PASS
rufa_group	DMEL_CRE_00151	focal	yes	yes	dbun	consensus	present	present	mapped	contig_100	5254254	5255473	dbun_PEAK_00121	636	0.521739	0.935294	yes	yes	dbun_PEAK_00072	FBgn0262127	0.0	FBgn0038256|FBgn0262127	shared_fbgn	PASS
rufa_group	DMEL_CRE_00151	focal	yes	yes	dkik	consensus	present	present	mapped	NW_024571315.1	19354922	19355873	dkik_PEAK_00063	613	0.644585	0.851389	yes	yes	dkik_PEAK_00055	FBgn0262127	0.0	FBgn0038256|FBgn0262127	shared_fbgn	PASS
rufa_group	DMEL_CRE_00151	focal	yes	yes	druf	discordant	turnover_candidate	turnover_candidate	mapped	JAECXS010000001.1	25638665	25639318		0	0.000000	0.000000	no	yes	druf_PEAK_00033	FBgn0262127	0.0		no_peak_at_locus	PASS
rufa_group	DMEL_CRE_00154	focal	yes	yes	d_serrata	consensus	present	present	mapped	contig_360	1135300	1136070	d_serrata_PEAK_00349	410	0.532468	0.719298	yes	yes	d_serrata_PEAK_00349	FBgn0262483	0.0	FBgn0038331|FBgn0262483	shared_fbgn	PASS
rufa_group	DMEL_CRE_00154	focal	yes	yes	dbir	consensus	present	present	mapped	contig_64	11464400	11465160	dbir_PEAK_00025	610	0.802632	0.655914	yes	yes	dbir_PEAK_00025	FBgn0262483	0.0	FBgn0038331|FBgn0262483	shared_fbgn	PASS
rufa_group	DMEL_CRE_00154	focal	yes	yes	dbun	consensus	present	present	mapped	contig_130	8761390	8762212	dbun_PEAK_00288	530	0.644769	0.757143	yes	yes	dbun_PEAK_00288	FBgn0262483	0.0	FBgn0038331|FBgn0262483	shared_fbgn	PASS
rufa_group	DMEL_CRE_00154	focal	yes	yes	dkik	consensus	present	present	mapped	NW_024571315.1	11821597	11822345	dkik_PEAK_00376	383	0.512032	0.696364	yes	yes	dkik_PEAK_00376	FBgn0262483	0.0	FBgn0038331|FBgn0262483	shared_fbgn	PASS
rufa_group	DMEL_CRE_00154	focal	yes	yes	druf	discordant	turnover_candidate	turnover_candidate	mapped	JAECXS010000001.1	14431059	14431862	druf_PEAK_00401	392	0.488169	0.687719	no	yes	druf_PEAK_00401	FBgn0262483	0.0	FBgn0038331|FBgn0262483	shared_fbgn	PASS
teissieri_group	DMEL_CRE_00017	focal	yes	yes	d_lutescens	consensus	turnover_candidate	turnover_candidate	mapped	contig_1034	515053	515503		0	0.000000	0.000000	no	yes	d_lutescens_PEAK_00182	FBgn0283657	0.0		no_peak_at_locus	PASS
teissieri_group	DMEL_CRE_00017	focal	yes	yes	d_simulans	consensus	turnover_candidate	turnover_candidate	mapped	NC_052525.2	3405320	3405860		0	0.000000	0.000000	no	yes	d_simulans_PEAK_00100	FBgn0283657	0.0		no_peak_at_locus	PASS
teissieri_group	DMEL_CRE_00017	focal	yes	yes	dsuz	consensus	turnover_candidate	turnover_candidate	mapped	NW_023496841.1	2426571	2427104		0	0.000000	0.000000	no	yes	dsuz_PEAK_00024	FBgn0283657	0.0		no_peak_at_locus	PASS
teissieri_group	DMEL_CRE_00017	focal	yes	yes	dtei	discordant	present	present	mapped	NC_053034.1	4924092	4924636	dtei_PEAK_00100	544	1.000000	0.688608	yes	yes	dtei_PEAK_00045	FBgn0283657	0.0	FBgn0015286|FBgn0283657	shared_fbgn	PASS
teissieri_group	DMEL_CRE_00030	focal	yes	yes	d_lutescens	consensus	present	present	mapped	contig_661	126344	127232	d_lutescens_PEAK_00048	880	0.990991	1.000000	yes	yes	d_lutescens_PEAK_00048	FBgn0266098	0.0	FBgn0266098	shared_fbgn	PASS
teissieri_group	DMEL_CRE_00030	focal	yes	yes	d_simulans	consensus	present	present	mapped	NC_052525.2	4878396	4879371	d_simulans_PEAK_00022	960	0.984615	1.000000	yes	yes	d_simulans_PEAK_00022	FBgn0266098	0.0	FBgn0266098	shared_fbgn	PASS
teissieri_group	DMEL_CRE_00030	focal	yes	yes	dsuz	consensus	present	present	mapped	NW_023496846.1	1364788	1365712	dsuz_PEAK_00035	922	0.997835	0.970526	yes	yes	dsuz_PEAK_00035	FBgn0266098	0.0	FBgn0266098	shared_fbgn	PASS
teissieri_group	DMEL_CRE_00030	focal	yes	yes	dtei	discordant	turnover_candidate	turnover_candidate	mapped	NC_053034.1	3463105	3464053		0	0.000000	0.000000	no	yes	dtei_PEAK_00167	FBgn0266098	0.0		no_peak_at_locus	PASS
teissieri_group	DMEL_CRE_00106	focal	yes	yes	d_lutescens	consensus	turnover_candidate	turnover_candidate	mapped	contig_661	795596	796314		0	0.000000	0.000000	no	yes	d_lutescens_PEAK_00083	FBgn0003463	613.0		no_peak_at_locus	PASS
teissieri_group	DMEL_CRE_00106	focal	yes	yes	d_simulans	consensus	turnover_candidate	turnover_candidate	mapped	NC_052525.2	15065965	15066645		0	0.000000	0.000000	no	yes	d_simulans_PEAK_00314	FBgn0003463	0.0		no_peak_at_locus	PASS
teissieri_group	DMEL_CRE_00106	focal	yes	yes	dsuz	consensus	turnover_candidate	turnover_candidate	mapped	NW_023496845.1	13388848	13389513		0	0.000000	0.000000	no	yes	dsuz_PEAK_00129	FBgn0003463	774.0		no_peak_at_locus	PASS
teissieri_group	DMEL_CRE_00106	focal	yes	yes	dtei	discordant	present	present	mapped	NC_053034.1	12782059	12782822	dtei_PEAK_00048	721	0.944954	0.948684	yes	yes	dtei_PEAK_00048	FBgn0003463	0.0	FBgn0003463	shared_fbgn	PASS
azteca_affinis_miranda_group	DMEL_CRE_00078	secondary_only	no	yes	dazt	consensus	present	present	mapped	VCKU01000014.1	2985317	2986029	dazt_PEAK_00054	689	0.967697	0.748913	yes	yes	dazt_PEAK_00054	FBgn0267001	0.0	FBgn0267001	shared_fbgn	PASS
azteca_affinis_miranda_group	DMEL_CRE_00078	secondary_only	no	yes	dmir	consensus	present	present	mapped	NC_046674.1	25818741	25819395	dmir_PEAK_00217	639	0.977064	0.939706	yes	yes	dmir_PEAK_00217	FBgn0267001	0.0	FBgn0267001	shared_fbgn	PASS
azteca_affinis_miranda_group	DMEL_CRE_00078	secondary_only	no	yes	dper	consensus	present	present	mapped	NW_020825312.1	5858622	5859269	dper_PEAK_00265	598	0.924266	0.866667	yes	yes	dper_PEAK_00265	FBgn0267001	0.0	FBgn0267001	shared_fbgn	PASS
azteca_affinis_miranda_group	DMEL_CRE_00078	secondary_only	no	yes	d_affinis	discordant	turnover_candidate	turnover_candidate	mapped	contig_14	11628080	11628780		0	0.000000	0.000000	no	yes	d_affinis_PEAK_00134	FBgn0267001	0.0		no_peak_at_locus	PASS
azteca_affinis_miranda_group	DMEL_CRE_00275	secondary_only	no	yes	d_affinis	consensus	turnover_candidate	turnover_candidate	mapped	contig_95	4937320	4939513	d_affinis_PEAK_00225	730	0.332877	1.000000	no	yes	d_affinis_PEAK_00225	FBgn0032602	2515.0	FBgn0032601|FBgn0032602	shared_fbgn	PASS
azteca_affinis_miranda_group	DMEL_CRE_00275	secondary_only	no	yes	dazt	consensus	turnover_candidate	turnover_candidate	mapped	VCKU01000091.1	9825721	9827918	dazt_PEAK_00059	900	0.409650	1.000000	no	yes	dazt_PEAK_00188	FBgn0032602	1051.0	FBgn0032601|FBgn0032602	shared_fbgn	PASS
azteca_affinis_miranda_group	DMEL_CRE_00275	secondary_only	no	yes	dmir	consensus	turnover_candidate	turnover_candidate	mapped	NC_046677.1	25620882	25623031	dmir_PEAK_00008	1060	0.493253	1.000000	no	yes	dmir_PEAK_00088	FBgn0032602	902.0	FBgn0032601|FBgn0032602	shared_fbgn	PASS
azteca_affinis_miranda_group	DMEL_CRE_00275	secondary_only	no	yes	dper	discordant	present	present	mapped	NW_020825298.1	9922119	9924265	dper_PEAK_00014	1160	0.540541	1.000000	yes	yes	dper_PEAK_00324	FBgn0032602	1099.0	FBgn0032601|FBgn0032602	shared_fbgn	PASS
immigrans_group	DMEL_CRE_00080	secondary_only	no	yes	dfor	consensus	turnover_candidate	turnover_candidate	mapped	contig_143	309835	310701		0	0.000000	0.000000	no	yes	dfor_PEAK_00430	FBgn0267001	0.0		no_peak_at_locus	PASS
immigrans_group	DMEL_CRE_00080	secondary_only	no	yes	dimm	consensus	turnover_candidate	turnover_candidate	mapped	JAECXZ010000403.1	2334969	2335894		0	0.000000	0.000000	no	yes	dimm_PEAK_00126	FBgn0267001	0.0		no_peak_at_locus	PASS
immigrans_group	DMEL_CRE_00080	secondary_only	no	yes	dsul	consensus	turnover_candidate	turnover_candidate	mapped	JAJJHZ010002589.1	4979845	4980826		0	0.000000	0.000000	no	yes	dsul_PEAK_00496	FBgn0267001	0.0		no_peak_at_locus	PASS
immigrans_group	DMEL_CRE_00080	secondary_only	no	yes	dnas	discordant	present	present	mapped	CM042376.1	26228119	26229053	dnas_PEAK_00282	523	0.559957	0.780597	yes	yes	dnas_PEAK_00106	FBgn0267001	0.0		discordant_fbgn	PASS
immigrans_group	DMEL_CRE_00186	secondary_only	no	yes	dimm	consensus	present	present	mapped	JAECXZ010000125.1	17533358	17534508	dimm_PEAK_00247	592	0.514783	0.768831	yes	yes	dimm_PEAK_00247	FBgn0039588	7997.0	FBgn0003137|FBgn0039588	shared_fbgn	PASS
immigrans_group	DMEL_CRE_00186	secondary_only	no	yes	dnas	consensus	present	present	mapped	CM042373.1	17329356	17329979	dnas_PEAK_00077	623	1.000000	0.778750	yes	yes	dnas_PEAK_00077	FBgn0039588	8469.0	FBgn0003137|FBgn0039588	shared_fbgn	PASS
immigrans_group	DMEL_CRE_00186	secondary_only	no	yes	dsul	consensus	present	present	mapped	JAJJHZ010001847.1	1968098	1968706	dsul_PEAK_00401	496	0.815789	0.826667	yes	yes	dsul_PEAK_00401	FBgn0039588	8686.0	FBgn0003137|FBgn0039588	shared_fbgn	PASS
immigrans_group	DMEL_CRE_00186	secondary_only	no	yes	dfor	discordant	turnover_candidate	turnover_candidate	mapped	contig_272	7479562	7480778	dfor_PEAK_00335	568	0.467105	0.901587	no	yes	dfor_PEAK_00335	FBgn0039588	8438.0	FBgn0003137|FBgn0039588	shared_fbgn	PASS
obscura_group	DMEL_CRE_00003	secondary_only	no	yes	dbif	consensus	present	present	mapped	CM019041.1	5606091	5606879	dbif_PEAK_00517	719	0.912437	0.998611	yes	yes	dbif_PEAK_00517	FBgn0020381	1060.0	FBgn0003575|FBgn0020381	shared_fbgn	PASS
obscura_group	DMEL_CRE_00003	secondary_only	no	yes	dsub	consensus	present	present	mapped	NC_048530.1	13776378	13777147	dsub_PEAK_00121	769	1.000000	0.894186	yes	yes	dsub_PEAK_00121	FBgn0003575	0.0	FBgn0003575|FBgn0020381	shared_fbgn	PASS
obscura_group	DMEL_CRE_00003	secondary_only	no	yes	dobs	discordant	turnover_candidate	turnover_candidate	mapped	NW_024542773.1	1467524	1468257		0	0.000000	0.000000	no	yes	dobs_PEAK_00094	FBgn0003575	0.0		no_peak_at_locus	PASS
obscura_group	DMEL_CRE_00038	secondary_only	no	yes	dobs	consensus	turnover_candidate	turnover_candidate	mapped	NW_024542816.1	701165	701921		0	0.000000	0.000000	no	yes	dobs_PEAK_00057	FBgn0264386	0.0		no_peak_at_locus	PASS
obscura_group	DMEL_CRE_00038	secondary_only	no	yes	dsub	consensus	turnover_candidate	turnover_candidate	mapped	NC_048530.1	8110802	8111580		0	0.000000	0.000000	no	yes	dsub_PEAK_00267	FBgn0264386	0.0		no_peak_at_locus	PASS
obscura_group	DMEL_CRE_00038	secondary_only	no	yes	dbif	discordant	present	present	mapped	CM019041.1	1952913	1953625	dbif_PEAK_00347	467	0.655899	0.778333	yes	yes	dbif_PEAK_00057	FBgn0264386	0.0	FBgn0264386	shared_fbgn	PASS
obscura_group	DMEL_CRE_00042	secondary_only	no	yes	dobs	consensus	turnover_candidate	turnover_candidate	mapped	NW_024542890.1	618039	618628		0	0.000000	0.000000	no	yes	dobs_PEAK_00238	FBgn0029895	2075.0		no_peak_at_locus	PASS
obscura_group	DMEL_CRE_00042	secondary_only	no	yes	dsub	consensus	turnover_candidate	turnover_candidate	mapped	NC_048530.1	21432836	21433422		0	0.000000	0.000000	no	yes	dsub_PEAK_00249	FBgn0029894	331.0		no_peak_at_locus	PASS
obscura_group	DMEL_CRE_00042	secondary_only	no	yes	dbif	discordant	present	present	mapped	CM019041.1	15589665	15590266	dbif_PEAK_00222	585	0.973378	0.873134	yes	yes	dbif_PEAK_00222	FBgn0029895	938.0	FBgn0029895	shared_fbgn	PASS
obscura_group	DMEL_CRE_00052	secondary_only	no	yes	dbif	consensus	present	present	mapped	CM019041.1	6692136	6693204	dbif_PEAK_00012	1068	1.000000	0.768345	yes	yes	dbif_PEAK_00012	FBgn0004198	0.0	FBgn0004198	shared_fbgn	PASS
obscura_group	DMEL_CRE_00052	secondary_only	no	yes	dsub	consensus	present	present	mapped	NC_048530.1	19537626	19538526	dsub_PEAK_00049	900	1.000000	0.500000	yes	yes	dsub_PEAK_00017	FBgn0004198	0.0	FBgn0004198	shared_fbgn	PASS
obscura_group	DMEL_CRE_00052	secondary_only	no	yes	dobs	discordant	turnover_candidate	turnover_candidate	mapped	NW_024542891.1	392112	393287		0	0.000000	0.000000	no	yes	dobs_PEAK_00077	FBgn0004198	0.0		no_peak_at_locus	PASS
obscura_group	DMEL_CRE_00120	secondary_only	no	yes	dbif	consensus	turnover_candidate	turnover_candidate	mapped	CM019041.1	7742268	7743041		0	0.000000	0.000000	no	yes	dbif_PEAK_00083	FBgn0030886	0.0		no_peak_at_locus	PASS
obscura_group	DMEL_CRE_00120	secondary_only	no	yes	dsub	consensus	turnover_candidate	turnover_candidate	mapped	NC_048530.1	21284289	21285004		0	0.000000	0.000000	no	yes	dsub_PEAK_00155	FBgn0030886	0.0		no_peak_at_locus	PASS
obscura_group	DMEL_CRE_00120	secondary_only	no	yes	dobs	discordant	present	present	mapped	NW_024542752.1	1547315	1548042	dobs_PEAK_00288	632	0.869326	0.957576	yes	yes	dobs_PEAK_00288	FBgn0030886	0.0	FBgn0030886	shared_fbgn	PASS
obscura_group	DMEL_CRE_00151	secondary_only	no	yes	dobs	consensus	turnover_candidate	turnover_candidate	mapped	NW_024542736.1	6682663	6683428		0	0.000000	0.000000	no	yes	dobs_PEAK_00091	FBgn0262127	0.0		no_peak_at_locus	PASS
obscura_group	DMEL_CRE_00151	secondary_only	no	yes	dsub	consensus	turnover_candidate	turnover_candidate	mapped	NC_048533.1	13497331	13497994		0	0.000000	0.000000	no	yes	dsub_PEAK_00305	FBgn0262127	0.0		no_peak_at_locus	PASS
obscura_group	DMEL_CRE_00151	secondary_only	no	yes	dbif	discordant	present	present	mapped	CM019044.1	6602827	6603610	dbif_PEAK_00477	543	0.693487	0.969643	yes	yes	dbif_PEAK_00112	FBgn0262127	0.0	FBgn0038256|FBgn0262127	shared_fbgn	PASS
obscura_group	DMEL_CRE_00175	secondary_only	no	yes	dobs	consensus	turnover_candidate	turnover_candidate	mapped	NW_024542736.1	583626	584318		0	0.000000	0.000000	no	yes	dobs_PEAK_00376	FBgn0264490	245.0		no_peak_at_locus	PASS
obscura_group	DMEL_CRE_00175	secondary_only	no	yes	dsub	consensus	turnover_candidate	turnover_candidate	mapped	NC_048533.1	18645625	18646303		0	0.000000	0.000000	no	yes	dsub_PEAK_00277	FBgn0038919	21692.0		no_peak_at_locus	PASS
obscura_group	DMEL_CRE_00175	secondary_only	no	yes	dbif	discordant	present	present	mapped	CM019044.1	11703969	11704656	dbif_PEAK_00177	486	0.707424	0.714706	yes	yes	dbif_PEAK_00177	FBgn0264490	0.0	FBgn0264490	shared_fbgn	PASS
obscura_group	DMEL_CRE_00277	secondary_only	no	yes	dobs	consensus	present	present	mapped	NW_024542791.1	6532214	6533232	dobs_PEAK_00054	742	0.728880	0.916049	yes	yes	dobs_PEAK_00003	FBgn0032602	0.0	FBgn0032602|FBgn0264695	shared_fbgn	PASS
obscura_group	DMEL_CRE_00277	secondary_only	no	yes	dsub	consensus	present	present	mapped	NC_048534.1	10337787	10338785	dsub_PEAK_00205	695	0.696393	0.978873	yes	yes	dsub_PEAK_00006	FBgn0264695	672.0	FBgn0032602|FBgn0264695	shared_fbgn	PASS
obscura_group	DMEL_CRE_00277	secondary_only	no	yes	dbif	discordant	turnover_candidate	turnover_candidate	mapped	CM019042.1	12439508	12440981	dbif_PEAK_00250	690	0.468432	1.000000	no	yes	dbif_PEAK_00022	FBgn0264695	327.0	FBgn0032602|FBgn0264695	shared_fbgn	PASS
repleta_group	DMEL_CRE_00255	secondary_only	no	yes	d_buzzatii	consensus	turnover_candidate	turnover_candidate	mapped	contig_44	4006282	4007097		0	0.000000	0.000000	no	yes	d_buzzatii_PEAK_00069	FBgn0041092	0.0		no_peak_at_locus	PASS
repleta_group	DMEL_CRE_00255	secondary_only	no	yes	d_mojavensis	consensus	turnover_candidate	turnover_candidate	mapped	NW_025318858.1	12108814	12109612		0	0.000000	0.000000	no	yes	d_mojavensis_PEAK_00378	FBgn0041092	0.0		no_peak_at_locus	PASS
repleta_group	DMEL_CRE_00255	secondary_only	no	yes	d_repleta	consensus	turnover_candidate	turnover_candidate	mapped	JAEIGN010000526.1	8126404	8127085		0	0.000000	0.000000	no	yes	d_repleta_PEAK_00553	FBgn0041092	21215.0		no_peak_at_locus	PASS
repleta_group	DMEL_CRE_00255	secondary_only	no	yes	d_arizonae	discordant	present	present	mapped	NW_017127683.1	11294078	11294800	d_arizonae_PEAK_00418	420	0.581717	0.636364	yes	no					discordant_fbgn	PASS
repleta_group	DMEL_CRE_00275	secondary_only	no	yes	d_arizonae	consensus	present	present	mapped	NW_017127683.1	2723548	2725315	d_arizonae_PEAK_00034	1392	0.787776	0.870000	yes	yes	d_arizonae_PEAK_00034	FBgn0032602	2322.0	FBgn0032601|FBgn0032602	shared_fbgn	PASS
repleta_group	DMEL_CRE_00275	secondary_only	no	yes	d_mojavensis	consensus	present	present	mapped	NW_025318858.1	2741355	2743174	d_mojavensis_PEAK_00021	1395	0.766905	0.861111	yes	yes	d_mojavensis_PEAK_00021	FBgn0032602	0.0	FBgn0032601|FBgn0032602	shared_fbgn	PASS
repleta_group	DMEL_CRE_00275	secondary_only	no	yes	d_repleta	consensus	present	present	mapped	JAEIGN010000396.1	10780535	10782307	d_repleta_PEAK_00456	910	0.513544	1.000000	yes	yes	d_repleta_PEAK_00228	FBgn0032602	2304.0	FBgn0032601|FBgn0032602	shared_fbgn	PASS
repleta_group	DMEL_CRE_00275	secondary_only	no	yes	d_buzzatii	discordant	turnover_candidate	turnover_candidate	mapped	contig_319	1807718	1809439		0	0.000000	0.000000	no	yes	d_buzzatii_PEAK_00205	FBgn0032602	11013.0		no_peak_at_locus	PASS
repleta_group	DMEL_CRE_00310	secondary_only	no	yes	d_buzzatii	consensus	turnover_candidate	turnover_candidate	mapped	contig_505	7418215	7418687		0	0.000000	0.000000	no	yes	d_buzzatii_PEAK_00033	FBgn0003149	2440.0		no_peak_at_locus	PASS
repleta_group	DMEL_CRE_00310	secondary_only	no	yes	d_mojavensis	consensus	turnover_candidate	turnover_candidate	mapped	NW_025318899.1	7172878	7173367		0	0.000000	0.000000	no	yes	d_mojavensis_PEAK_00028	FBgn0003149	2263.0		no_peak_at_locus	PASS
repleta_group	DMEL_CRE_00310	secondary_only	no	yes	d_repleta	consensus	turnover_candidate	turnover_candidate	mapped	JAEIGN010000753.1	649206	649698		0	0.000000	0.000000	no	yes	d_repleta_PEAK_00213	FBgn0003149	368.0		no_peak_at_locus	PASS
repleta_group	DMEL_CRE_00310	secondary_only	no	yes	d_arizonae	discordant	present	present	mapped	NW_017127684.1	4575355	4575856	d_arizonae_PEAK_00154	501	1.000000	0.650649	yes	yes	d_arizonae_PEAK_00154	FBgn0003149	0.0	FBgn0003149|FBgn0040828	shared_fbgn	PASS
repleta_group	DMEL_CRE_00331	secondary_only	no	yes	d_arizonae	consensus	turnover_candidate	turnover_candidate	mapped	NW_017127684.1	5014539	5015295		0	0.000000	0.000000	no	yes	d_arizonae_PEAK_00243	FBgn0000567	0.0		no_peak_at_locus	PASS
repleta_group	DMEL_CRE_00331	secondary_only	no	yes	d_mojavensis	consensus	turnover_candidate	turnover_candidate	mapped	NW_025318899.1	7619768	7620489		0	0.000000	0.000000	no	yes	d_mojavensis_PEAK_00316	FBgn0000567	0.0		no_peak_at_locus	PASS
repleta_group	DMEL_CRE_00331	secondary_only	no	yes	d_repleta	consensus	turnover_candidate	turnover_candidate	mapped	JAEIGN010000753.1	1073945	1074713	d_repleta_PEAK_00019	33	0.042969	0.034375	no	yes	d_repleta_PEAK_00294	FBgn0000567	0.0	FBgn0000567|FBgn0036740	shared_fbgn	PASS
repleta_group	DMEL_CRE_00331	secondary_only	no	yes	d_buzzatii	discordant	present	present	mapped	contig_505	7883959	7884715	d_buzzatii_PEAK_00223	695	0.919312	0.538760	yes	yes	d_buzzatii_PEAK_00260	FBgn0000567	0.0	FBgn0000567|FBgn0036740	shared_fbgn	PASS
rufa_group	DMEL_CRE_00004	secondary_only	no	yes	d_serrata	consensus	turnover_candidate	turnover_candidate	mapped	contig_251	152189	152821		0	0.000000	0.000000	no	yes	d_serrata_PEAK_00064	FBgn0025390	0.0		no_peak_at_locus	PASS
rufa_group	DMEL_CRE_00004	secondary_only	no	yes	dbir	consensus	turnover_candidate	turnover_candidate	mapped	contig_43	5590115	5590716		0	0.000000	0.000000	no	yes	dbir_PEAK_00035	FBgn0025390	0.0		no_peak_at_locus	PASS
rufa_group	DMEL_CRE_00004	secondary_only	no	yes	dkik	consensus	turnover_candidate	turnover_candidate	mapped	NW_024571405.1	7528223	7528817		0	0.000000	0.000000	no	yes	dkik_PEAK_00012	FBgn0025390	0.0		no_peak_at_locus	PASS
rufa_group	DMEL_CRE_00004	secondary_only	no	yes	druf	consensus	turnover_candidate	turnover_candidate	mapped	JAECXS010000123.1	15343281	15343909		0	0.000000	0.000000	no	yes	druf_PEAK_00107	FBgn0025390	8285.0		no_peak_at_locus	PASS
rufa_group	DMEL_CRE_00004	secondary_only	no	yes	dbun	discordant	present	present	mapped	contig_83	4209718	4210361	dbun_PEAK_00039	643	1.000000	0.756471	yes	yes	dbun_PEAK_00086	FBgn0025390	0.0		discordant_fbgn	PASS
rufa_group	DMEL_CRE_00052	secondary_only	no	yes	d_serrata	consensus	present	present	mapped	contig_292	118004	118995	d_serrata_PEAK_00005	991	1.000000	0.600606	yes	yes	d_serrata_PEAK_00005	FBgn0004198	0.0	FBgn0004198|FBgn0029952	shared_fbgn	PASS
rufa_group	DMEL_CRE_00052	secondary_only	no	yes	dbir	consensus	present	present	mapped	contig_43	5969293	5970154	dbir_PEAK_00061	861	1.000000	0.518675	yes	yes	dbir_PEAK_00061	FBgn0004198	0.0	FBgn0004198|FBgn0029952	shared_fbgn	PASS
rufa_group	DMEL_CRE_00052	secondary_only	no	yes	dbun	consensus	present	present	mapped	contig_17	81503	82618	dbun_PEAK_00099	778	0.697758	0.884091	yes	yes	dbun_PEAK_00099	FBgn0004198	0.0	FBgn0004198|FBgn0029952	shared_fbgn	PASS
rufa_group	DMEL_CRE_00052	secondary_only	no	yes	druf	consensus	present	present	mapped	JAECXS010000123.1	14923265	14924263	druf_PEAK_00034	955	0.956914	0.649660	yes	yes	druf_PEAK_00034	FBgn0004198	19845.0	FBgn0004198|FBgn0029952	shared_fbgn	PASS
rufa_group	DMEL_CRE_00052	secondary_only	no	yes	dkik	discordant	turnover_candidate	turnover_candidate	mapped	NW_024571405.1	17734972	17735999		0	0.000000	0.000000	no	yes	dkik_PEAK_00032	FBgn0004198	0.0		no_peak_at_locus	PASS
rufa_group	DMEL_CRE_00065	secondary_only	no	yes	dbir	consensus	turnover_candidate	turnover_candidate	mapped	contig_79	1248029	1249145		0	0.000000	0.000000	no	yes	dbir_PEAK_00192	FBgn0261260	0.0		no_peak_at_locus	PASS
rufa_group	DMEL_CRE_00065	secondary_only	no	yes	dbun	consensus	turnover_candidate	turnover_candidate	mapped	contig_17	13493208	13494359		0	0.000000	0.000000	no	yes	dbun_PEAK_00385	FBgn0261260	0.0		no_peak_at_locus	PASS
rufa_group	DMEL_CRE_00065	secondary_only	no	yes	dkik	consensus	turnover_candidate	turnover_candidate	mapped	NW_024571405.1	4766277	4767376		0	0.000000	0.000000	no	yes	dkik_PEAK_00038	FBgn0261260	0.0		no_peak_at_locus	PASS
rufa_group	DMEL_CRE_00065	secondary_only	no	yes	druf	consensus	turnover_candidate	turnover_candidate	mapped	JAECXS010000111.1	10804241	10805815	druf_PEAK_00089	780	0.495553	1.000000	no	yes	druf_PEAK_00089	FBgn0261260	0.0	FBgn0261260	shared_fbgn	PASS
rufa_group	DMEL_CRE_00065	secondary_only	no	yes	d_serrata	discordant	present	present	mapped	contig_8	883558	884749	d_serrata_PEAK_00035	810	0.680101	1.000000	yes	yes	d_serrata_PEAK_00035	FBgn0261260	0.0	FBgn0261260	shared_fbgn	PASS
rufa_group	DMEL_CRE_00082	secondary_only	no	yes	d_serrata	consensus	turnover_candidate	turnover_candidate	mapped	contig_276	459718	460985	d_serrata_PEAK_00012	292	0.230466	0.201379	no	yes	d_serrata_PEAK_00012	FBgn0030412	0.0	FBgn0015024|FBgn0030412	shared_fbgn	PASS
rufa_group	DMEL_CRE_00082	secondary_only	no	yes	dbun	consensus	turnover_candidate	turnover_candidate	mapped	contig_17	1810128	1811395		0	0.000000	0.000000	no	yes	dbun_PEAK_00031	FBgn0030412	0.0		no_peak_at_locus	PASS
rufa_group	DMEL_CRE_00082	secondary_only	no	yes	dkik	consensus	turnover_candidate	turnover_candidate	mapped	NW_024571405.1	25661022	25662166		0	0.000000	0.000000	no	yes	dkik_PEAK_00024	FBgn0015024	0.0		no_peak_at_locus	PASS
rufa_group	DMEL_CRE_00082	secondary_only	no	yes	druf	consensus	turnover_candidate	turnover_candidate	mapped	JAECXS010000123.1	8042194	8043449		0	0.000000	0.000000	no	yes	druf_PEAK_00219	FBgn0030412	0.0		no_peak_at_locus	PASS
rufa_group	DMEL_CRE_00082	secondary_only	no	yes	dbir	discordant	present	present	mapped	contig_43	1910264	1911440	dbir_PEAK_00069	1160	0.986395	0.527273	yes	yes	dbir_PEAK_00069	FBgn0030412	0.0	FBgn0015024|FBgn0030412	shared_fbgn	PASS
rufa_group	DMEL_CRE_00178	secondary_only	no	yes	d_serrata	consensus	turnover_candidate	turnover_candidate	mapped	contig_295	1616265	1616849		0	0.000000	0.000000	no	yes	d_serrata_PEAK_00389	FBgn0003118	0.0		no_peak_at_locus	PASS
rufa_group	DMEL_CRE_00178	secondary_only	no	yes	dbir	consensus	turnover_candidate	turnover_candidate	mapped	contig_64	7083144	7083713		0	0.000000	0.000000	no	yes	dbir_PEAK_00150	FBgn0003118	0.0		no_peak_at_locus	PASS
rufa_group	DMEL_CRE_00178	secondary_only	no	yes	dkik	consensus	turnover_candidate	turnover_candidate	mapped	NW_024571315.1	27349374	27349849		0	0.000000	0.000000	no	yes	dkik_PEAK_00090	FBgn0003118	0.0		no_peak_at_locus	PASS
rufa_group	DMEL_CRE_00178	secondary_only	no	yes	druf	consensus	turnover_candidate	turnover_candidate	mapped	JAECXS010000001.1	12451959	12452506		0	0.000000	0.000000	no	yes	druf_PEAK_00387	FBgn0003118	0.0		no_peak_at_locus	PASS
rufa_group	DMEL_CRE_00178	secondary_only	no	yes	dbun	discordant	present	present	mapped	contig_130	13426922	13427488	dbun_PEAK_00416	558	0.985866	0.978947	yes	yes	dbun_PEAK_00088	FBgn0003118	0.0	FBgn0003118	shared_fbgn	PASS
rufa_group	DMEL_CRE_00321	secondary_only	no	yes	d_serrata	consensus	turnover_candidate	turnover_candidate	mapped	contig_66	181700	182321		0	0.000000	0.000000	no	yes	d_serrata_PEAK_00251	FBgn0041094	8500.0		no_peak_at_locus	PASS
rufa_group	DMEL_CRE_00321	secondary_only	no	yes	dbun	consensus	turnover_candidate	turnover_candidate	mapped	contig_75	12765135	12765791		0	0.000000	0.000000	no	yes	dbun_PEAK_00063	FBgn0041094	6113.0		no_peak_at_locus	PASS
rufa_group	DMEL_CRE_00321	secondary_only	no	yes	dkik	consensus	turnover_candidate	turnover_candidate	mapped	NW_024571631.1	1621200	1621808		0	0.000000	0.000000	no	yes	dkik_PEAK_00116	FBgn0041094	7103.0		no_peak_at_locus	PASS
rufa_group	DMEL_CRE_00321	secondary_only	no	yes	druf	consensus	turnover_candidate	turnover_candidate	mapped	JAECXS010000085.1	13984292	13984865		0	0.000000	0.000000	no	yes	druf_PEAK_00067	FBgn0041094	8041.0		no_peak_at_locus	PASS
rufa_group	DMEL_CRE_00321	secondary_only	no	yes	dbir	discordant	present	present	mapped	contig_48	9260729	9261336	dbir_PEAK_00327	580	0.955519	1.000000	yes	yes	dbir_PEAK_00327	FBgn0041094	7490.0	FBgn0041094	shared_fbgn	PASS
rufa_group	DMEL_CRE_00330	secondary_only	no	yes	dbir	consensus	present	present	mapped	contig_48	22942394	22943219	dbir_PEAK_00068	825	1.000000	0.959302	yes	yes	dbir_PEAK_00068	FBgn0000567	0.0	FBgn0000567	shared_fbgn	PASS
rufa_group	DMEL_CRE_00330	secondary_only	no	yes	dbun	consensus	present	present	mapped	contig_75	3492558	3493432	dbun_PEAK_00018	874	1.000000	0.910417	yes	yes	dbun_PEAK_00018	FBgn0000567	0.0	FBgn0000567	shared_fbgn	PASS
rufa_group	DMEL_CRE_00330	secondary_only	no	yes	dkik	consensus	present	present	mapped	NW_024571631.1	3519285	3520117	dkik_PEAK_00242	647	0.777644	0.965672	yes	yes	dkik_PEAK_00111	FBgn0000567	0.0	FBgn0000567	shared_fbgn	PASS
rufa_group	DMEL_CRE_00330	secondary_only	no	yes	druf	consensus	present	present	mapped	JAECXS010000085.1	3726270	3727061	druf_PEAK_00162	651	0.823009	0.986364	yes	yes	druf_PEAK_00162	FBgn0000567	0.0	FBgn0000567	shared_fbgn	PASS
rufa_group	DMEL_CRE_00330	secondary_only	no	yes	d_serrata	discordant	turnover_candidate	turnover_candidate	mapped	contig_359	1881967	1882872		0	0.000000	0.000000	no	yes	d_serrata_PEAK_00325	FBgn0000567	0.0		no_peak_at_locus	PASS
rufa_group	DMEL_CRE_00331	secondary_only	no	yes	dbir	consensus	turnover_candidate	turnover_candidate	mapped	contig_48	22920034	22920764		0	0.000000	0.000000	no	yes	dbir_PEAK_00068	FBgn0000567	0.0		no_peak_at_locus	PASS
rufa_group	DMEL_CRE_00331	secondary_only	no	yes	dbun	consensus	turnover_candidate	turnover_candidate	mapped	contig_75	3517181	3518045		0	0.000000	0.000000	no	yes	dbun_PEAK_00018	FBgn0000567	0.0		no_peak_at_locus	PASS
rufa_group	DMEL_CRE_00331	secondary_only	no	yes	dkik	consensus	turnover_candidate	turnover_candidate	mapped	NW_024571631.1	3498273	3499079		0	0.000000	0.000000	no	yes	dkik_PEAK_00111	FBgn0000567	0.0		no_peak_at_locus	PASS
rufa_group	DMEL_CRE_00331	secondary_only	no	yes	druf	consensus	turnover_candidate	turnover_candidate	mapped	JAECXS010000085.1	3702992	3703773		0	0.000000	0.000000	no	yes	druf_PEAK_00162	FBgn0000567	0.0		no_peak_at_locus	PASS
rufa_group	DMEL_CRE_00331	secondary_only	no	yes	d_serrata	discordant	present	present	mapped	contig_359	1908195	1909042	d_serrata_PEAK_00292	565	0.667060	0.843284	yes	yes	d_serrata_PEAK_00325	FBgn0000567	0.0	FBgn0000567|FBgn0036740	shared_fbgn	PASS
teissieri_group	DMEL_CRE_00019	secondary_only	no	yes	d_lutescens	consensus	turnover_candidate	turnover_candidate	mapped	contig_1034	554782	555477		0	0.000000	0.000000	no	yes	d_lutescens_PEAK_00182	FBgn0283657	0.0		no_peak_at_locus	PASS
teissieri_group	DMEL_CRE_00019	secondary_only	no	yes	d_simulans	consensus	turnover_candidate	turnover_candidate	mapped	NC_052525.2	3432860	3433599		0	0.000000	0.000000	no	yes	d_simulans_PEAK_00100	FBgn0283657	0.0		no_peak_at_locus	PASS
teissieri_group	DMEL_CRE_00019	secondary_only	no	yes	dtei	consensus	turnover_candidate	turnover_candidate	mapped	NC_053034.1	4895783	4896500		0	0.000000	0.000000	no	yes	dtei_PEAK_00045	FBgn0283657	0.0		no_peak_at_locus	PASS
teissieri_group	DMEL_CRE_00019	secondary_only	no	yes	dsuz	discordant	present	present	mapped	NW_023496841.1	2463864	2464581	dsuz_PEAK_00089	611	0.852162	0.836986	yes	yes	dsuz_PEAK_00024	FBgn0283657	0.0	FBgn0283657	shared_fbgn	PASS
teissieri_group	DMEL_CRE_00021	secondary_only	no	yes	d_simulans	consensus	turnover_candidate	turnover_candidate	mapped	NC_052525.2	3444504	3445086		0	0.000000	0.000000	no	yes	d_simulans_PEAK_00100	FBgn0283657	0.0		no_peak_at_locus	PASS
teissieri_group	DMEL_CRE_00021	secondary_only	no	yes	dsuz	consensus	turnover_candidate	turnover_candidate	mapped	NW_023496841.1	2481597	2482509		0	0.000000	0.000000	no	yes	dsuz_PEAK_00024	FBgn0283657	0.0		no_peak_at_locus	PASS
teissieri_group	DMEL_CRE_00021	secondary_only	no	yes	dtei	consensus	turnover_candidate	turnover_candidate	mapped	NC_053034.1	4883011	4883571		0	0.000000	0.000000	no	yes	dtei_PEAK_00045	FBgn0283657	0.0		no_peak_at_locus	PASS
teissieri_group	DMEL_CRE_00021	secondary_only	no	yes	d_lutescens	discordant	present	present	mapped	contig_743	6198	6897	d_lutescens_PEAK_00313	627	0.896996	0.793671	yes	yes	d_lutescens_PEAK_00182	FBgn0283657	0.0	FBgn0283657	shared_fbgn	PASS
teissieri_group	DMEL_CRE_00029	secondary_only	no	yes	d_lutescens	consensus	present	present	mapped	contig_661	198539	199198	d_lutescens_PEAK_00367	570	0.864947	1.000000	yes	yes	d_lutescens_PEAK_00048	FBgn0266098	0.0	FBgn0029747	shared_fbgn	PASS
teissieri_group	DMEL_CRE_00029	secondary_only	no	yes	d_simulans	consensus	present	present	mapped	NC_052525.2	4821244	4821886	d_simulans_PEAK_00191	586	0.912773	0.960656	yes	yes	d_simulans_PEAK_00022	FBgn0266098	0.0		discordant_fbgn	PASS
teissieri_group	DMEL_CRE_00029	secondary_only	no	yes	dtei	consensus	present	present	mapped	NC_053034.1	3523371	3524037	dtei_PEAK_00167	609	0.914414	0.966667	yes	yes	dtei_PEAK_00167	FBgn0266098	0.0	FBgn0266098	shared_fbgn	PASS
teissieri_group	DMEL_CRE_00029	secondary_only	no	yes	dsuz	discordant	turnover_candidate	turnover_candidate	mapped	NW_023496846.1	1436772	1437464		0	0.000000	0.000000	no	yes	dsuz_PEAK_00035	FBgn0266098	0.0		no_peak_at_locus	PASS
teissieri_group	DMEL_CRE_00064	secondary_only	no	yes	d_lutescens	consensus	turnover_candidate	turnover_candidate	mapped	contig_381	2303900	2304570		0	0.000000	0.000000	no	yes	d_lutescens_PEAK_00131	FBgn0261260	0.0		no_peak_at_locus	PASS
teissieri_group	DMEL_CRE_00064	secondary_only	no	yes	dsuz	consensus	turnover_candidate	turnover_candidate	mapped	NW_023496845.1	3991953	3992657		0	0.000000	0.000000	no	yes	dsuz_PEAK_00079	FBgn0261260	0.0		no_peak_at_locus	PASS
teissieri_group	DMEL_CRE_00064	secondary_only	no	yes	dtei	consensus	turnover_candidate	turnover_candidate	mapped	NC_053034.1	8977384	8978081		0	0.000000	0.000000	no	yes	dtei_PEAK_00169	FBgn0261260	0.0		no_peak_at_locus	PASS
teissieri_group	DMEL_CRE_00064	secondary_only	no	yes	d_simulans	discordant	present	present	mapped	NC_052525.2	8987158	8987833	d_simulans_PEAK_00224	592	0.877037	0.986667	yes	yes	d_simulans_PEAK_00212	FBgn0261260	0.0	FBgn0261260|FBgn0266050	shared_fbgn	PASS
teissieri_group	DMEL_CRE_00072	secondary_only	no	yes	d_lutescens	consensus	present	present	mapped	contig_413	1785666	1786245	d_lutescens_PEAK_00077	579	1.000000	0.665517	yes	yes	d_lutescens_PEAK_00077	FBgn0052666	0.0	FBgn0052666	shared_fbgn	PASS
teissieri_group	DMEL_CRE_00072	secondary_only	no	yes	dsuz	consensus	present	present	mapped	NW_023496845.1	9179010	9179564	dsuz_PEAK_00083	554	1.000000	0.728947	yes	yes	dsuz_PEAK_00083	FBgn0052666	0.0	FBgn0052666	shared_fbgn	PASS
teissieri_group	DMEL_CRE_00072	secondary_only	no	yes	dtei	consensus	present	present	mapped	NC_053034.1	15742630	15743240	dtei_PEAK_00025	610	1.000000	0.726190	yes	yes	dtei_PEAK_00025	FBgn0052666	0.0	FBgn0052666	shared_fbgn	PASS
teissieri_group	DMEL_CRE_00072	secondary_only	no	yes	d_simulans	discordant	turnover_candidate	turnover_candidate	mapped	NC_052525.2	11044963	11045571		0	0.000000	0.000000	no	yes	d_simulans_PEAK_00279	FBgn0052666	3704.0		no_peak_at_locus	PASS
teissieri_group	DMEL_CRE_00078	secondary_only	no	yes	d_lutescens	consensus	turnover_candidate	turnover_candidate	mapped	contig_493	353083	353709		0	0.000000	0.000000	no	yes	d_lutescens_PEAK_00292	FBgn0267001	0.0		no_peak_at_locus	PASS
teissieri_group	DMEL_CRE_00078	secondary_only	no	yes	d_simulans	consensus	turnover_candidate	turnover_candidate	mapped	NC_052525.2	11758514	11759206		0	0.000000	0.000000	no	yes	d_simulans_PEAK_00050	FBgn0267001	0.0		no_peak_at_locus	PASS
teissieri_group	DMEL_CRE_00078	secondary_only	no	yes	dtei	consensus	turnover_candidate	turnover_candidate	mapped	NC_053034.1	1795385	1796069		0	0.000000	0.000000	no	yes	dtei_PEAK_00097	FBgn0267001	0.0		no_peak_at_locus	PASS
teissieri_group	DMEL_CRE_00078	secondary_only	no	yes	dsuz	discordant	present	present	mapped	NW_023496841.1	3685230	3685920	dsuz_PEAK_00197	650	0.942029	1.000000	yes	yes	dsuz_PEAK_00085	FBgn0267001	0.0	FBgn0267001	shared_fbgn	PASS
teissieri_group	DMEL_CRE_00083	secondary_only	no	yes	d_lutescens	consensus	turnover_candidate	turnover_candidate	mapped	contig_989	62661	63153		0	0.000000	0.000000	no	yes	d_lutescens_PEAK_00076	FBgn0265523	1983.0		no_peak_at_locus	PASS
teissieri_group	DMEL_CRE_00083	secondary_only	no	yes	dsuz	consensus	turnover_candidate	turnover_candidate	mapped	NW_023496847.1	90248	90574		0	0.000000	0.000000	no	yes	dsuz_PEAK_00287	FBgn0265523	0.0		no_peak_at_locus	PASS
teissieri_group	DMEL_CRE_00083	secondary_only	no	yes	dtei	consensus	turnover_candidate	turnover_candidate	mapped	NC_053034.1	7102097	7102623		0	0.000000	0.000000	no	yes	dtei_PEAK_00064	FBgn0265523	2444.0		no_peak_at_locus	PASS
teissieri_group	DMEL_CRE_00083	secondary_only	no	yes	d_simulans	discordant	present	present	mapped	NC_052525.2	12215374	12215955	d_simulans_PEAK_00165	575	0.989673	0.884615	yes	yes	d_simulans_PEAK_00134	FBgn0265523	0.0	FBgn0265523	shared_fbgn	PASS
teissieri_group	DMEL_CRE_00115	secondary_only	no	yes	d_lutescens	consensus	present	present	mapped	contig_51	299363	299953	d_lutescens_PEAK_00149	397	0.672881	0.543836	yes	yes	d_lutescens_PEAK_00149	FBgn0030756	7863.0	FBgn0030756	shared_fbgn	PASS
teissieri_group	DMEL_CRE_00115	secondary_only	no	yes	d_simulans	consensus	present	present	mapped	NC_052525.2	15973655	15974499	d_simulans_PEAK_00220	829	0.982227	0.998795	yes	yes	d_simulans_PEAK_00220	FBgn0030756	5157.0	FBgn0030756	shared_fbgn	PASS
teissieri_group	DMEL_CRE_00115	secondary_only	no	yes	dtei	consensus	present	present	mapped	NC_053034.1	11901587	11902324	dtei_PEAK_00221	713	0.967436	0.838824	yes	yes	dtei_PEAK_00221	FBgn0030756	5841.0	FBgn0030756	shared_fbgn	PASS
teissieri_group	DMEL_CRE_00115	secondary_only	no	yes	dsuz	discordant	turnover_candidate	turnover_candidate	mapped	NW_023496846.1	3595379	3595971		0	0.000000	0.000000	no	yes	dsuz_PEAK_00207	FBgn0030756	9280.0		no_peak_at_locus	PASS
teissieri_group	DMEL_CRE_00151	secondary_only	no	yes	d_lutescens	consensus	present	present	mapped	contig_74	405002	405805	d_lutescens_PEAK_00302	590	0.734745	1.000000	yes	yes	d_lutescens_PEAK_00042	FBgn0262127	0.0	FBgn0038256|FBgn0262127	shared_fbgn	PASS
teissieri_group	DMEL_CRE_00151	secondary_only	no	yes	d_simulans	consensus	present	present	mapped	NC_052523.2	11507095	11507970	d_simulans_PEAK_00008	875	1.000000	0.902062	yes	yes	d_simulans_PEAK_00008	FBgn0262127	0.0	FBgn0038256|FBgn0262127	shared_fbgn	PASS
teissieri_group	DMEL_CRE_00151	secondary_only	no	yes	dtei	consensus	present	present	mapped	NC_053032.1	16804671	16805571	dtei_PEAK_00016	869	0.965556	0.835577	yes	yes	dtei_PEAK_00016	FBgn0262127	0.0	FBgn0038256|FBgn0262127	shared_fbgn	PASS
teissieri_group	DMEL_CRE_00151	secondary_only	no	yes	dsuz	discordant	turnover_candidate	turnover_candidate	mapped	NW_023496834.1	337671	338498		0	0.000000	0.000000	no	yes	dsuz_PEAK_00250	FBgn0262127	0.0		no_peak_at_locus	PASS
teissieri_group	DMEL_CRE_00152	secondary_only	no	yes	d_lutescens	consensus	turnover_candidate	turnover_candidate	mapped	contig_74	407078	407881		0	0.000000	0.000000	no	yes	d_lutescens_PEAK_00042	FBgn0262127	0.0		no_peak_at_locus	PASS
teissieri_group	DMEL_CRE_00152	secondary_only	no	yes	dsuz	consensus	turnover_candidate	turnover_candidate	mapped	NW_023496834.1	335365	336172		0	0.000000	0.000000	no	yes	dsuz_PEAK_00250	FBgn0262127	0.0		no_peak_at_locus	PASS
teissieri_group	DMEL_CRE_00152	secondary_only	no	yes	dtei	consensus	turnover_candidate	turnover_candidate	mapped	NC_053032.1	16802509	16803401		0	0.000000	0.000000	no	yes	dtei_PEAK_00016	FBgn0262127	0.0		no_peak_at_locus	PASS
teissieri_group	DMEL_CRE_00152	secondary_only	no	yes	d_simulans	discordant	present	present	mapped	NC_052523.2	11505033	11505890	d_simulans_PEAK_00329	560	0.653442	1.000000	yes	yes	d_simulans_PEAK_00008	FBgn0262127	0.0	FBgn0038256|FBgn0262127	shared_fbgn	PASS
teissieri_group	DMEL_CRE_00153	secondary_only	no	yes	d_lutescens	consensus	present	present	mapped	contig_74	410063	410978	d_lutescens_PEAK_00042	907	0.991257	0.985870	yes	yes	d_lutescens_PEAK_00042	FBgn0262127	0.0	FBgn0038256|FBgn0262127	shared_fbgn	PASS
teissieri_group	DMEL_CRE_00153	secondary_only	no	yes	d_simulans	consensus	present	present	mapped	NC_052523.2	11502073	11502809	d_simulans_PEAK_00020	736	1.000000	0.782979	yes	yes	d_simulans_PEAK_00008	FBgn0262127	0.0	FBgn0038256|FBgn0262127	shared_fbgn	PASS
teissieri_group	DMEL_CRE_00153	secondary_only	no	yes	dtei	consensus	present	present	mapped	NC_053032.1	16799461	16800251	dtei_PEAK_00243	580	0.734177	1.000000	yes	yes	dtei_PEAK_00016	FBgn0262127	0.0	FBgn0038256|FBgn0262127	shared_fbgn	PASS
teissieri_group	DMEL_CRE_00153	secondary_only	no	yes	dsuz	discordant	turnover_candidate	turnover_candidate	mapped	NW_023496834.1	332054	332706		0	0.000000	0.000000	no	yes	dsuz_PEAK_00250	FBgn0262127	0.0		no_peak_at_locus	PASS
teissieri_group	DMEL_CRE_00164	secondary_only	no	yes	d_simulans	consensus	turnover_candidate	turnover_candidate	mapped	NC_052523.2	7802448	7803071		0	0.000000	0.000000	no	yes	d_simulans_PEAK_00249	FBgn0004652	0.0		no_peak_at_locus	PASS
teissieri_group	DMEL_CRE_00164	secondary_only	no	yes	dsuz	consensus	turnover_candidate	turnover_candidate	mapped	NW_023497053.1	1297915	1298521		0	0.000000	0.000000	no	yes	dsuz_PEAK_00021	FBgn0004652	0.0		no_peak_at_locus	PASS
teissieri_group	DMEL_CRE_00164	secondary_only	no	yes	dtei	consensus	turnover_candidate	turnover_candidate	mapped	NC_053032.1	10896804	10897443		0	0.000000	0.000000	no	yes	dtei_PEAK_00095	FBgn0004652	13734.0		no_peak_at_locus	PASS
teissieri_group	DMEL_CRE_00164	secondary_only	no	yes	d_lutescens	discordant	present	present	mapped	contig_435	865293	865908	d_lutescens_PEAK_00336	615	1.000000	0.946154	yes	yes	d_lutescens_PEAK_00336	FBgn0004652	0.0	FBgn0004652	shared_fbgn	PASS
teissieri_group	DMEL_CRE_00203	secondary_only	no	yes	d_simulans	consensus	present	present	mapped	NC_052521.2	8675213	8675828	d_simulans_PEAK_00271	580	0.943089	1.000000	yes	yes	d_simulans_PEAK_00271	FBgn0033627	235.0	FBgn0033627|FBgn0041241	shared_fbgn	PASS
teissieri_group	DMEL_CRE_00203	secondary_only	no	yes	dsuz	consensus	present	present	mapped	NW_023496807.1	8283065	8283704	dsuz_PEAK_00177	614	0.960876	0.959375	yes	no					discordant_fbgn	PASS
teissieri_group	DMEL_CRE_00203	secondary_only	no	yes	dtei	consensus	present	present	mapped	NC_053030.1	9478668	9479302	dtei_PEAK_00320	582	0.917981	0.661364	yes	yes	dtei_PEAK_00320	FBgn0033627	593.0	FBgn0033627	shared_fbgn	PASS
teissieri_group	DMEL_CRE_00203	secondary_only	no	yes	d_lutescens	discordant	turnover_candidate	turnover_candidate	mapped	contig_247	1359172	1359758		0	0.000000	0.000000	no	yes	d_lutescens_PEAK_00295	FBgn0033627	1896.0		no_peak_at_locus	PASS
teissieri_group	DMEL_CRE_00330	secondary_only	no	yes	d_simulans	consensus	present	present	mapped	NC_052522.2	17296534	17297356	d_simulans_PEAK_00010	822	1.000000	0.903297	yes	yes	d_simulans_PEAK_00010	FBgn0000567	0.0	FBgn0000567	shared_fbgn	PASS
teissieri_group	DMEL_CRE_00330	secondary_only	no	yes	dsuz	consensus	present	present	mapped	NW_023496812.1	17698601	17699513	dsuz_PEAK_00217	723	0.792763	0.926923	yes	yes	dsuz_PEAK_00217	FBgn0000567	0.0	FBgn0000567	shared_fbgn	PASS
teissieri_group	DMEL_CRE_00330	secondary_only	no	yes	dtei	consensus	present	present	mapped	NC_053031.1	16601167	16602088	dtei_PEAK_00020	908	0.985885	0.976344	yes	yes	dtei_PEAK_00020	FBgn0000567	0.0	FBgn0000567	shared_fbgn	PASS
teissieri_group	DMEL_CRE_00330	secondary_only	no	yes	d_lutescens	discordant	turnover_candidate	turnover_candidate	mapped	contig_815	248703	249516		0	0.000000	0.000000	no	yes	d_lutescens_PEAK_00147	FBgn0000567	0.0		no_peak_at_locus	PASS
teissieri_group	DMEL_CRE_00331	secondary_only	no	yes	d_simulans	consensus	present	present	mapped	NC_052522.2	17312603	17313293	d_simulans_PEAK_00148	690	1.000000	0.945205	yes	yes	d_simulans_PEAK_00010	FBgn0000567	0.0	FBgn0000567|FBgn0036740	shared_fbgn	PASS
teissieri_group	DMEL_CRE_00331	secondary_only	no	yes	dsuz	consensus	present	present	mapped	NW_023496812.1	17677732	17678487	dsuz_PEAK_00272	577	0.764238	0.945902	yes	yes	dsuz_PEAK_00217	FBgn0000567	0.0	FBgn0000567|FBgn0036740	shared_fbgn	PASS
teissieri_group	DMEL_CRE_00331	secondary_only	no	yes	dtei	consensus	present	present	mapped	NC_053031.1	16583661	16584411	dtei_PEAK_00034	750	1.000000	0.815217	yes	yes	dtei_PEAK_00020	FBgn0000567	0.0	FBgn0000567|FBgn0036740	shared_fbgn	PASS
teissieri_group	DMEL_CRE_00331	secondary_only	no	yes	d_lutescens	discordant	turnover_candidate	turnover_candidate	mapped	contig_815	267053	267771		0	0.000000	0.000000	no	yes	d_lutescens_PEAK_00147	FBgn0000567	0.0		no_peak_at_locus	PASS
