group_name	dmel_cre_id	category	focal_species	focal_climate	focal_state	comparison_species	comparison_climate	comparison_consensus_state	dazt	d_affinis	dmir	dper
azteca_affinis_miranda_group	DMEL_CRE_00001	tier3	dazt	ARID	present	d_affinis|dmir|dper	TEMP	uncertain	present	uncertain	uncertain	uncertain
azteca_affinis_miranda_group	DMEL_CRE_00002	all_same	dazt	ARID	uncertain	d_affinis|dmir|dper	TEMP	uncertain	uncertain	uncertain	uncertain	uncertain
azteca_affinis_miranda_group	DMEL_CRE_00003	comparison_mixed	dazt	ARID	present	d_affinis|dmir|dper	TEMP	mixed	present	no_detected_CRE	turnover_candidate	present
azteca_affinis_miranda_group	DMEL_CRE_00004	all_same	dazt	ARID	present	d_affinis|dmir|dper	TEMP	present	present	present	present	present
azteca_affinis_miranda_group	DMEL_CRE_00005	all_same	dazt	ARID	no_detected_CRE	d_affinis|dmir|dper	TEMP	no_detected_CRE	no_detected_CRE	no_detected_CRE	no_detected_CRE	no_detected_CRE
azteca_affinis_miranda_group	DMEL_CRE_00006	comparison_mixed	dazt	ARID	no_detected_CRE	d_affinis|dmir|dper	TEMP	mixed	no_detected_CRE	turnover_candidate	no_detected_CRE	no_detected_CRE
azteca_affinis_miranda_group	DMEL_CRE_00007	comparison_mixed	dazt	ARID	no_detected_CRE	d_affinis|dmir|dper	TEMP	mixed	no_detected_CRE	present	no_detected_CRE	no_detected_CRE
azteca_affinis_miranda_group	DMEL_CRE_00008	tier3	dazt	ARID	uncertain	d_affinis|dmir|dper	TEMP	turnover_candidate	uncertain	turnover_candidate	turnover_candidate	turnover_candidate
azteca_affinis_miranda_group	DMEL_CRE_00009	comparison_mixed	dazt	ARID	turnover_candidate	d_affinis|dmir|dper	TEMP	mixed	turnover_candidate	no_detected_CRE	turnover_candidate	turnover_candidate
azteca_affinis_miranda_group	DMEL_CRE_00010	all_same	dazt	ARID	uncertain	d_affinis|dmir|dper	TEMP	uncertain	uncertain	uncertain	uncertain	uncertain
azteca_affinis_miranda_group	DMEL_CRE_00011	all_same	dazt	ARID	uncertain	d_affinis|dmir|dper	TEMP	uncertain	uncertain	uncertain	uncertain	uncertain
azteca_affinis_miranda_group	DMEL_CRE_00012	comparison_mixed	dazt	ARID	uncertain	d_affinis|dmir|dper	TEMP	mixed	uncertain	uncertain	no_detected_CRE	uncertain
azteca_affinis_miranda_group	DMEL_CRE_00013	comparison_mixed	dazt	ARID	no_detected_CRE	d_affinis|dmir|dper	TEMP	mixed	no_detected_CRE	no_detected_CRE	turnover_candidate	turnover_candidate
azteca_affinis_miranda_group	DMEL_CRE_00014	comparison_mixed	dazt	ARID	turnover_candidate	d_affinis|dmir|dper	TEMP	mixed	turnover_candidate	no_detected_CRE	no_detected_CRE	turnover_candidate
azteca_affinis_miranda_group	DMEL_CRE_00015	tier3	dazt	ARID	turnover_candidate	d_affinis|dmir|dper	TEMP	uncertain	turnover_candidate	uncertain	uncertain	uncertain
azteca_affinis_miranda_group	DMEL_CRE_00016	comparison_mixed	dazt	ARID	no_detected_CRE	d_affinis|dmir|dper	TEMP	mixed	no_detected_CRE	uncertain	no_detected_CRE	uncertain
azteca_affinis_miranda_group	DMEL_CRE_00017	comparison_mixed	dazt	ARID	present	d_affinis|dmir|dper	TEMP	mixed	present	turnover_candidate	turnover_candidate	no_detected_CRE
azteca_affinis_miranda_group	DMEL_CRE_00018	comparison_mixed	dazt	ARID	uncertain	d_affinis|dmir|dper	TEMP	mixed	uncertain	uncertain	turnover_candidate	uncertain
azteca_affinis_miranda_group	DMEL_CRE_00019	all_same	dazt	ARID	uncertain	d_affinis|dmir|dper	TEMP	uncertain	uncertain	uncertain	uncertain	uncertain
azteca_affinis_miranda_group	DMEL_CRE_00020	comparison_mixed	dazt	ARID	present	d_affinis|dmir|dper	TEMP	mixed	present	turnover_candidate	turnover_candidate	no_detected_CRE
azteca_affinis_miranda_group	DMEL_CRE_00021	comparison_mixed	dazt	ARID	turnover_candidate	d_affinis|dmir|dper	TEMP	mixed	turnover_candidate	turnover_candidate	uncertain	uncertain
azteca_affinis_miranda_group	DMEL_CRE_00022	comparison_mixed	dazt	ARID	no_detected_CRE	d_affinis|dmir|dper	TEMP	mixed	no_detected_CRE	no_detected_CRE	present	no_detected_CRE
azteca_affinis_miranda_group	DMEL_CRE_00023	comparison_mixed	dazt	ARID	present	d_affinis|dmir|dper	TEMP	mixed	present	present	no_detected_CRE	no_detected_CRE
azteca_affinis_miranda_group	DMEL_CRE_00024	all_same	dazt	ARID	no_detected_CRE	d_affinis|dmir|dper	TEMP	no_detected_CRE	no_detected_CRE	no_detected_CRE	no_detected_CRE	no_detected_CRE
azteca_affinis_miranda_group	DMEL_CRE_00025	all_same	dazt	ARID	no_detected_CRE	d_affinis|dmir|dper	TEMP	no_detected_CRE	no_detected_CRE	no_detected_CRE	no_detected_CRE	no_detected_CRE
azteca_affinis_miranda_group	DMEL_CRE_00026	comparison_mixed	dazt	ARID	turnover_candidate	d_affinis|dmir|dper	TEMP	mixed	turnover_candidate	no_detected_CRE	no_detected_CRE	turnover_candidate
azteca_affinis_miranda_group	DMEL_CRE_00027	comparison_mixed	dazt	ARID	turnover_candidate	d_affinis|dmir|dper	TEMP	mixed	turnover_candidate	turnover_candidate	turnover_candidate	no_detected_CRE
azteca_affinis_miranda_group	DMEL_CRE_00028	all_same	dazt	ARID	uncertain	d_affinis|dmir|dper	TEMP	uncertain	uncertain	uncertain	uncertain	uncertain
azteca_affinis_miranda_group	DMEL_CRE_00029	comparison_mixed	dazt	ARID	no_detected_CRE	d_affinis|dmir|dper	TEMP	mixed	no_detected_CRE	no_detected_CRE	turnover_candidate	turnover_candidate
azteca_affinis_miranda_group	DMEL_CRE_00030	comparison_mixed	dazt	ARID	no_detected_CRE	d_affinis|dmir|dper	TEMP	mixed	no_detected_CRE	no_detected_CRE	turnover_candidate	turnover_candidate
azteca_affinis_miranda_group	DMEL_CRE_00031	comparison_mixed	dazt	ARID	no_detected_CRE	d_affinis|dmir|dper	TEMP	mixed	no_detected_CRE	no_detected_CRE	present	turnover_candidate
azteca_affinis_miranda_group	DMEL_CRE_00032	comparison_mixed	dazt	ARID	no_detected_CRE	d_affinis|dmir|dper	TEMP	mixed	no_detected_CRE	no_detected_CRE	turnover_candidate	turnover_candidate
azteca_affinis_miranda_group	DMEL_CRE_00033	comparison_mixed	dazt	ARID	no_detected_CRE	d_affinis|dmir|dper	TEMP	mixed	no_detected_CRE	present	no_detected_CRE	no_detected_CRE
azteca_affinis_miranda_group	DMEL_CRE_00034	all_same	dazt	ARID	no_detected_CRE	d_affinis|dmir|dper	TEMP	no_detected_CRE	no_detected_CRE	no_detected_CRE	no_detected_CRE	no_detected_CRE
azteca_affinis_miranda_group	DMEL_CRE_00035	all_same	dazt	ARID	uncertain	d_affinis|dmir|dper	TEMP	uncertain	uncertain	uncertain	uncertain	uncertain
azteca_affinis_miranda_group	DMEL_CRE_00036	all_same	dazt	ARID	uncertain	d_affinis|dmir|dper	TEMP	uncertain	uncertain	uncertain	uncertain	uncertain
azteca_affinis_miranda_group	DMEL_CRE_00037	all_same	dazt	ARID	uncertain	d_affinis|dmir|dper	TEMP	uncertain	uncertain	uncertain	uncertain	uncertain
azteca_affinis_miranda_group	DMEL_CRE_00038	comparison_mixed	dazt	ARID	present	d_affinis|dmir|dper	TEMP	mixed	present	turnover_candidate	turnover_candidate	no_detected_CRE
azteca_affinis_miranda_group	DMEL_CRE_00039	all_same	dazt	ARID	no_detected_CRE	d_affinis|dmir|dper	TEMP	no_detected_CRE	no_detected_CRE	no_detected_CRE	no_detected_CRE	no_detected_CRE
azteca_affinis_miranda_group	DMEL_CRE_00040	all_same	dazt	ARID	no_detected_CRE	d_affinis|dmir|dper	TEMP	no_detected_CRE	no_detected_CRE	no_detected_CRE	no_detected_CRE	no_detected_CRE
azteca_affinis_miranda_group	DMEL_CRE_00041	all_same	dazt	ARID	no_detected_CRE	d_affinis|dmir|dper	TEMP	no_detected_CRE	no_detected_CRE	no_detected_CRE	no_detected_CRE	no_detected_CRE
azteca_affinis_miranda_group	DMEL_CRE_00042	comparison_mixed	dazt	ARID	turnover_candidate	d_affinis|dmir|dper	TEMP	mixed	turnover_candidate	no_detected_CRE	present	present
azteca_affinis_miranda_group	DMEL_CRE_00043	all_same	dazt	ARID	no_detected_CRE	d_affinis|dmir|dper	TEMP	no_detected_CRE	no_detected_CRE	no_detected_CRE	no_detected_CRE	no_detected_CRE
azteca_affinis_miranda_group	DMEL_CRE_00044	comparison_mixed	dazt	ARID	present	d_affinis|dmir|dper	TEMP	mixed	present	no_detected_CRE	uncertain	uncertain
azteca_affinis_miranda_group	DMEL_CRE_00045	all_same	dazt	ARID	uncertain	d_affinis|dmir|dper	TEMP	uncertain	uncertain	uncertain	uncertain	uncertain
azteca_affinis_miranda_group	DMEL_CRE_00046	comparison_mixed	dazt	ARID	present	d_affinis|dmir|dper	TEMP	mixed	present	turnover_candidate	no_detected_CRE	no_detected_CRE
azteca_affinis_miranda_group	DMEL_CRE_00047	all_same	dazt	ARID	no_detected_CRE	d_affinis|dmir|dper	TEMP	no_detected_CRE	no_detected_CRE	no_detected_CRE	no_detected_CRE	no_detected_CRE
azteca_affinis_miranda_group	DMEL_CRE_00048	comparison_mixed	dazt	ARID	uncertain	d_affinis|dmir|dper	TEMP	mixed	uncertain	uncertain	no_detected_CRE	no_detected_CRE
azteca_affinis_miranda_group	DMEL_CRE_00049	all_same	dazt	ARID	present	d_affinis|dmir|dper	TEMP	present	present	present	present	present
azteca_affinis_miranda_group	DMEL_CRE_00050	all_same	dazt	ARID	present	d_affinis|dmir|dper	TEMP	present	present	present	present	present
azteca_affinis_miranda_group	DMEL_CRE_00051	all_same	dazt	ARID	no_detected_CRE	d_affinis|dmir|dper	TEMP	no_detected_CRE	no_detected_CRE	no_detected_CRE	no_detected_CRE	no_detected_CRE
azteca_affinis_miranda_group	DMEL_CRE_00052	comparison_mixed	dazt	ARID	present	d_affinis|dmir|dper	TEMP	mixed	present	present	present	uncertain
azteca_affinis_miranda_group	DMEL_CRE_00053	comparison_mixed	dazt	ARID	turnover_candidate	d_affinis|dmir|dper	TEMP	mixed	turnover_candidate	turnover_candidate	present	present
azteca_affinis_miranda_group	DMEL_CRE_00054	comparison_mixed	dazt	ARID	turnover_candidate	d_affinis|dmir|dper	TEMP	mixed	turnover_candidate	turnover_candidate	present	no_detected_CRE
azteca_affinis_miranda_group	DMEL_CRE_00055	comparison_mixed	dazt	ARID	uncertain	d_affinis|dmir|dper	TEMP	mixed	uncertain	turnover_candidate	uncertain	turnover_candidate
azteca_affinis_miranda_group	DMEL_CRE_00056	comparison_mixed	dazt	ARID	turnover_candidate	d_affinis|dmir|dper	TEMP	mixed	turnover_candidate	uncertain	turnover_candidate	turnover_candidate
azteca_affinis_miranda_group	DMEL_CRE_00057	all_same	dazt	ARID	uncertain	d_affinis|dmir|dper	TEMP	uncertain	uncertain	uncertain	uncertain	uncertain
azteca_affinis_miranda_group	DMEL_CRE_00058	comparison_mixed	dazt	ARID	turnover_candidate	d_affinis|dmir|dper	TEMP	mixed	turnover_candidate	no_detected_CRE	turnover_candidate	turnover_candidate
azteca_affinis_miranda_group	DMEL_CRE_00059	all_same	dazt	ARID	uncertain	d_affinis|dmir|dper	TEMP	uncertain	uncertain	uncertain	uncertain	uncertain
azteca_affinis_miranda_group	DMEL_CRE_00060	all_same	dazt	ARID	uncertain	d_affinis|dmir|dper	TEMP	uncertain	uncertain	uncertain	uncertain	uncertain
azteca_affinis_miranda_group	DMEL_CRE_00061	all_same	dazt	ARID	no_detected_CRE	d_affinis|dmir|dper	TEMP	no_detected_CRE	no_detected_CRE	no_detected_CRE	no_detected_CRE	no_detected_CRE
azteca_affinis_miranda_group	DMEL_CRE_00062	all_same	dazt	ARID	no_detected_CRE	d_affinis|dmir|dper	TEMP	no_detected_CRE	no_detected_CRE	no_detected_CRE	no_detected_CRE	no_detected_CRE
azteca_affinis_miranda_group	DMEL_CRE_00063	all_same	dazt	ARID	no_detected_CRE	d_affinis|dmir|dper	TEMP	no_detected_CRE	no_detected_CRE	no_detected_CRE	no_detected_CRE	no_detected_CRE
azteca_affinis_miranda_group	DMEL_CRE_00064	comparison_mixed	dazt	ARID	turnover_candidate	d_affinis|dmir|dper	TEMP	mixed	turnover_candidate	uncertain	uncertain	turnover_candidate
azteca_affinis_miranda_group	DMEL_CRE_00065	all_same	dazt	ARID	uncertain	d_affinis|dmir|dper	TEMP	uncertain	uncertain	uncertain	uncertain	uncertain
azteca_affinis_miranda_group	DMEL_CRE_00066	all_same	dazt	ARID	no_detected_CRE	d_affinis|dmir|dper	TEMP	no_detected_CRE	no_detected_CRE	no_detected_CRE	no_detected_CRE	no_detected_CRE
azteca_affinis_miranda_group	DMEL_CRE_00067	all_same	dazt	ARID	no_detected_CRE	d_affinis|dmir|dper	TEMP	no_detected_CRE	no_detected_CRE	no_detected_CRE	no_detected_CRE	no_detected_CRE
azteca_affinis_miranda_group	DMEL_CRE_00068	tier2	dazt	ARID	turnover_candidate	d_affinis|dmir|dper	TEMP	no_detected_CRE	turnover_candidate	no_detected_CRE	no_detected_CRE	no_detected_CRE
azteca_affinis_miranda_group	DMEL_CRE_00069	tier2	dazt	ARID	turnover_candidate	d_affinis|dmir|dper	TEMP	no_detected_CRE	turnover_candidate	no_detected_CRE	no_detected_CRE	no_detected_CRE
azteca_affinis_miranda_group	DMEL_CRE_00070	comparison_mixed	dazt	ARID	no_detected_CRE	d_affinis|dmir|dper	TEMP	mixed	no_detected_CRE	turnover_candidate	turnover_candidate	no_detected_CRE
azteca_affinis_miranda_group	DMEL_CRE_00071	all_same	dazt	ARID	no_detected_CRE	d_affinis|dmir|dper	TEMP	no_detected_CRE	no_detected_CRE	no_detected_CRE	no_detected_CRE	no_detected_CRE
azteca_affinis_miranda_group	DMEL_CRE_00072	comparison_mixed	dazt	ARID	turnover_candidate	d_affinis|dmir|dper	TEMP	mixed	turnover_candidate	present	no_detected_CRE	uncertain
azteca_affinis_miranda_group	DMEL_CRE_00073	tier2	dazt	ARID	turnover_candidate	d_affinis|dmir|dper	TEMP	no_detected_CRE	turnover_candidate	no_detected_CRE	no_detected_CRE	no_detected_CRE
azteca_affinis_miranda_group	DMEL_CRE_00074	all_same	dazt	ARID	no_detected_CRE	d_affinis|dmir|dper	TEMP	no_detected_CRE	no_detected_CRE	no_detected_CRE	no_detected_CRE	no_detected_CRE
azteca_affinis_miranda_group	DMEL_CRE_00075	comparison_mixed	dazt	ARID	uncertain	d_affinis|dmir|dper	TEMP	mixed	uncertain	no_detected_CRE	uncertain	uncertain
azteca_affinis_miranda_group	DMEL_CRE_00076	all_same	dazt	ARID	uncertain	d_affinis|dmir|dper	TEMP	uncertain	uncertain	uncertain	uncertain	uncertain
azteca_affinis_miranda_group	DMEL_CRE_00077	all_same	dazt	ARID	uncertain	d_affinis|dmir|dper	TEMP	uncertain	uncertain	uncertain	uncertain	uncertain
azteca_affinis_miranda_group	DMEL_CRE_00078	comparison_mixed	dazt	ARID	present	d_affinis|dmir|dper	TEMP	mixed	present	turnover_candidate	present	present
azteca_affinis_miranda_group	DMEL_CRE_00079	all_same	dazt	ARID	turnover_candidate	d_affinis|dmir|dper	TEMP	turnover_candidate	turnover_candidate	turnover_candidate	turnover_candidate	turnover_candidate
azteca_affinis_miranda_group	DMEL_CRE_00080	tier1	dazt	ARID	present	d_affinis|dmir|dper	TEMP	turnover_candidate	present	turnover_candidate	turnover_candidate	turnover_candidate
azteca_affinis_miranda_group	DMEL_CRE_00081	comparison_mixed	dazt	ARID	uncertain	d_affinis|dmir|dper	TEMP	mixed	uncertain	uncertain	no_detected_CRE	uncertain
azteca_affinis_miranda_group	DMEL_CRE_00082	comparison_mixed	dazt	ARID	turnover_candidate	d_affinis|dmir|dper	TEMP	mixed	turnover_candidate	present	turnover_candidate	present
azteca_affinis_miranda_group	DMEL_CRE_00083	all_same	dazt	ARID	uncertain	d_affinis|dmir|dper	TEMP	uncertain	uncertain	uncertain	uncertain	uncertain
azteca_affinis_miranda_group	DMEL_CRE_00084	all_same	dazt	ARID	uncertain	d_affinis|dmir|dper	TEMP	uncertain	uncertain	uncertain	uncertain	uncertain
azteca_affinis_miranda_group	DMEL_CRE_00085	all_same	dazt	ARID	no_detected_CRE	d_affinis|dmir|dper	TEMP	no_detected_CRE	no_detected_CRE	no_detected_CRE	no_detected_CRE	no_detected_CRE
azteca_affinis_miranda_group	DMEL_CRE_00086	all_same	dazt	ARID	no_detected_CRE	d_affinis|dmir|dper	TEMP	no_detected_CRE	no_detected_CRE	no_detected_CRE	no_detected_CRE	no_detected_CRE
azteca_affinis_miranda_group	DMEL_CRE_00087	all_same	dazt	ARID	no_detected_CRE	d_affinis|dmir|dper	TEMP	no_detected_CRE	no_detected_CRE	no_detected_CRE	no_detected_CRE	no_detected_CRE
azteca_affinis_miranda_group	DMEL_CRE_00088	all_same	dazt	ARID	uncertain	d_affinis|dmir|dper	TEMP	uncertain	uncertain	uncertain	uncertain	uncertain
azteca_affinis_miranda_group	DMEL_CRE_00089	all_same	dazt	ARID	uncertain	d_affinis|dmir|dper	TEMP	uncertain	uncertain	uncertain	uncertain	uncertain
azteca_affinis_miranda_group	DMEL_CRE_00090	comparison_mixed	dazt	ARID	uncertain	d_affinis|dmir|dper	TEMP	mixed	uncertain	no_detected_CRE	uncertain	uncertain
azteca_affinis_miranda_group	DMEL_CRE_00091	comparison_mixed	dazt	ARID	uncertain	d_affinis|dmir|dper	TEMP	mixed	uncertain	present	no_detected_CRE	no_detected_CRE
azteca_affinis_miranda_group	DMEL_CRE_00092	all_same	dazt	ARID	uncertain	d_affinis|dmir|dper	TEMP	uncertain	uncertain	uncertain	uncertain	uncertain
azteca_affinis_miranda_group	DMEL_CRE_00093	all_same	dazt	ARID	turnover_candidate	d_affinis|dmir|dper	TEMP	turnover_candidate	turnover_candidate	turnover_candidate	turnover_candidate	turnover_candidate
azteca_affinis_miranda_group	DMEL_CRE_00094	all_same	dazt	ARID	present	d_affinis|dmir|dper	TEMP	present	present	present	present	present
azteca_affinis_miranda_group	DMEL_CRE_00095	all_same	dazt	ARID	no_detected_CRE	d_affinis|dmir|dper	TEMP	no_detected_CRE	no_detected_CRE	no_detected_CRE	no_detected_CRE	no_detected_CRE
azteca_affinis_miranda_group	DMEL_CRE_00096	all_same	dazt	ARID	uncertain	d_affinis|dmir|dper	TEMP	uncertain	uncertain	uncertain	uncertain	uncertain
azteca_affinis_miranda_group	DMEL_CRE_00097	all_same	dazt	ARID	uncertain	d_affinis|dmir|dper	TEMP	uncertain	uncertain	uncertain	uncertain	uncertain
azteca_affinis_miranda_group	DMEL_CRE_00098	all_same	dazt	ARID	no_detected_CRE	d_affinis|dmir|dper	TEMP	no_detected_CRE	no_detected_CRE	no_detected_CRE	no_detected_CRE	no_detected_CRE
azteca_affinis_miranda_group	DMEL_CRE_00099	all_same	dazt	ARID	uncertain	d_affinis|dmir|dper	TEMP	uncertain	uncertain	uncertain	uncertain	uncertain
azteca_affinis_miranda_group	DMEL_CRE_00100	comparison_mixed	dazt	ARID	turnover_candidate	d_affinis|dmir|dper	TEMP	mixed	turnover_candidate	no_detected_CRE	turnover_candidate	turnover_candidate
azteca_affinis_miranda_group	DMEL_CRE_00101	all_same	dazt	ARID	uncertain	d_affinis|dmir|dper	TEMP	uncertain	uncertain	uncertain	uncertain	uncertain
azteca_affinis_miranda_group	DMEL_CRE_00102	comparison_mixed	dazt	ARID	uncertain	d_affinis|dmir|dper	TEMP	mixed	uncertain	uncertain	no_detected_CRE	no_detected_CRE
azteca_affinis_miranda_group	DMEL_CRE_00103	comparison_mixed	dazt	ARID	uncertain	d_affinis|dmir|dper	TEMP	mixed	uncertain	no_detected_CRE	uncertain	uncertain
azteca_affinis_miranda_group	DMEL_CRE_00104	comparison_mixed	dazt	ARID	turnover_candidate	d_affinis|dmir|dper	TEMP	mixed	turnover_candidate	turnover_candidate	no_detected_CRE	turnover_candidate
azteca_affinis_miranda_group	DMEL_CRE_00105	comparison_mixed	dazt	ARID	uncertain	d_affinis|dmir|dper	TEMP	mixed	uncertain	no_detected_CRE	uncertain	uncertain
azteca_affinis_miranda_group	DMEL_CRE_00106	comparison_mixed	dazt	ARID	present	d_affinis|dmir|dper	TEMP	mixed	present	turnover_candidate	no_detected_CRE	turnover_candidate
azteca_affinis_miranda_group	DMEL_CRE_00107	all_same	dazt	ARID	uncertain	d_affinis|dmir|dper	TEMP	uncertain	uncertain	uncertain	uncertain	uncertain
azteca_affinis_miranda_group	DMEL_CRE_00108	all_same	dazt	ARID	uncertain	d_affinis|dmir|dper	TEMP	uncertain	uncertain	uncertain	uncertain	uncertain
azteca_affinis_miranda_group	DMEL_CRE_00109	all_same	dazt	ARID	uncertain	d_affinis|dmir|dper	TEMP	uncertain	uncertain	uncertain	uncertain	uncertain
azteca_affinis_miranda_group	DMEL_CRE_00110	all_same	dazt	ARID	uncertain	d_affinis|dmir|dper	TEMP	uncertain	uncertain	uncertain	uncertain	uncertain
azteca_affinis_miranda_group	DMEL_CRE_00111	comparison_mixed	dazt	ARID	turnover_candidate	d_affinis|dmir|dper	TEMP	mixed	turnover_candidate	no_detected_CRE	uncertain	uncertain
azteca_affinis_miranda_group	DMEL_CRE_00112	comparison_mixed	dazt	ARID	uncertain	d_affinis|dmir|dper	TEMP	mixed	uncertain	no_detected_CRE	uncertain	uncertain
azteca_affinis_miranda_group	DMEL_CRE_00113	comparison_mixed	dazt	ARID	turnover_candidate	d_affinis|dmir|dper	TEMP	mixed	turnover_candidate	turnover_candidate	no_detected_CRE	turnover_candidate
azteca_affinis_miranda_group	DMEL_CRE_00114	all_same	dazt	ARID	no_detected_CRE	d_affinis|dmir|dper	TEMP	no_detected_CRE	no_detected_CRE	no_detected_CRE	no_detected_CRE	no_detected_CRE
azteca_affinis_miranda_group	DMEL_CRE_00115	comparison_mixed	dazt	ARID	uncertain	d_affinis|dmir|dper	TEMP	mixed	uncertain	no_detected_CRE	uncertain	uncertain
azteca_affinis_miranda_group	DMEL_CRE_00116	all_same	dazt	ARID	no_detected_CRE	d_affinis|dmir|dper	TEMP	no_detected_CRE	no_detected_CRE	no_detected_CRE	no_detected_CRE	no_detected_CRE
azteca_affinis_miranda_group	DMEL_CRE_00117	all_same	dazt	ARID	no_detected_CRE	d_affinis|dmir|dper	TEMP	no_detected_CRE	no_detected_CRE	no_detected_CRE	no_detected_CRE	no_detected_CRE
azteca_affinis_miranda_group	DMEL_CRE_00118	all_same	dazt	ARID	turnover_candidate	d_affinis|dmir|dper	TEMP	turnover_candidate	turnover_candidate	turnover_candidate	turnover_candidate	turnover_candidate
azteca_affinis_miranda_group	DMEL_CRE_00119	comparison_mixed	dazt	ARID	turnover_candidate	d_affinis|dmir|dper	TEMP	mixed	turnover_candidate	no_detected_CRE	present	no_detected_CRE
azteca_affinis_miranda_group	DMEL_CRE_00120	all_same	dazt	ARID	turnover_candidate	d_affinis|dmir|dper	TEMP	turnover_candidate	turnover_candidate	turnover_candidate	turnover_candidate	turnover_candidate
azteca_affinis_miranda_group	DMEL_CRE_00121	all_same	dazt	ARID	turnover_candidate	d_affinis|dmir|dper	TEMP	turnover_candidate	turnover_candidate	turnover_candidate	turnover_candidate	turnover_candidate
azteca_affinis_miranda_group	DMEL_CRE_00122	all_same	dazt	ARID	present	d_affinis|dmir|dper	TEMP	present	present	present	present	present
azteca_affinis_miranda_group	DMEL_CRE_00123	all_same	dazt	ARID	uncertain	d_affinis|dmir|dper	TEMP	uncertain	uncertain	uncertain	uncertain	uncertain
azteca_affinis_miranda_group	DMEL_CRE_00124	tier3	dazt	ARID	no_detected_CRE	d_affinis|dmir|dper	TEMP	uncertain	no_detected_CRE	uncertain	uncertain	uncertain
azteca_affinis_miranda_group	DMEL_CRE_00125	comparison_mixed	dazt	ARID	turnover_candidate	d_affinis|dmir|dper	TEMP	mixed	turnover_candidate	turnover_candidate	no_detected_CRE	no_detected_CRE
azteca_affinis_miranda_group	DMEL_CRE_00126	all_same	dazt	ARID	no_detected_CRE	d_affinis|dmir|dper	TEMP	no_detected_CRE	no_detected_CRE	no_detected_CRE	no_detected_CRE	no_detected_CRE
azteca_affinis_miranda_group	DMEL_CRE_00127	all_same	dazt	ARID	no_detected_CRE	d_affinis|dmir|dper	TEMP	no_detected_CRE	no_detected_CRE	no_detected_CRE	no_detected_CRE	no_detected_CRE
azteca_affinis_miranda_group	DMEL_CRE_00128	all_same	dazt	ARID	uncertain	d_affinis|dmir|dper	TEMP	uncertain	uncertain	uncertain	uncertain	uncertain
azteca_affinis_miranda_group	DMEL_CRE_00129	all_same	dazt	ARID	uncertain	d_affinis|dmir|dper	TEMP	uncertain	uncertain	uncertain	uncertain	uncertain
azteca_affinis_miranda_group	DMEL_CRE_00130	tier3	dazt	ARID	uncertain	d_affinis|dmir|dper	TEMP	no_detected_CRE	uncertain	no_detected_CRE	no_detected_CRE	no_detected_CRE
azteca_affinis_miranda_group	DMEL_CRE_00131	all_same	dazt	ARID	turnover_candidate	d_affinis|dmir|dper	TEMP	turnover_candidate	turnover_candidate	turnover_candidate	turnover_candidate	turnover_candidate
azteca_affinis_miranda_group	DMEL_CRE_00132	all_same	dazt	ARID	uncertain	d_affinis|dmir|dper	TEMP	uncertain	uncertain	uncertain	uncertain	uncertain
azteca_affinis_miranda_group	DMEL_CRE_00133	comparison_mixed	dazt	ARID	uncertain	d_affinis|dmir|dper	TEMP	mixed	uncertain	no_detected_CRE	uncertain	uncertain
azteca_affinis_miranda_group	DMEL_CRE_00134	all_same	dazt	ARID	uncertain	d_affinis|dmir|dper	TEMP	uncertain	uncertain	uncertain	uncertain	uncertain
azteca_affinis_miranda_group	DMEL_CRE_00135	comparison_mixed	dazt	ARID	turnover_candidate	d_affinis|dmir|dper	TEMP	mixed	turnover_candidate	turnover_candidate	no_detected_CRE	no_detected_CRE
azteca_affinis_miranda_group	DMEL_CRE_00136	all_same	dazt	ARID	uncertain	d_affinis|dmir|dper	TEMP	uncertain	uncertain	uncertain	uncertain	uncertain
azteca_affinis_miranda_group	DMEL_CRE_00137	all_same	dazt	ARID	no_detected_CRE	d_affinis|dmir|dper	TEMP	no_detected_CRE	no_detected_CRE	no_detected_CRE	no_detected_CRE	no_detected_CRE
azteca_affinis_miranda_group	DMEL_CRE_00138	all_same	dazt	ARID	no_detected_CRE	d_affinis|dmir|dper	TEMP	no_detected_CRE	no_detected_CRE	no_detected_CRE	no_detected_CRE	no_detected_CRE
azteca_affinis_miranda_group	DMEL_CRE_00139	all_same	dazt	ARID	no_detected_CRE	d_affinis|dmir|dper	TEMP	no_detected_CRE	no_detected_CRE	no_detected_CRE	no_detected_CRE	no_detected_CRE
azteca_affinis_miranda_group	DMEL_CRE_00140	all_same	dazt	ARID	no_detected_CRE	d_affinis|dmir|dper	TEMP	no_detected_CRE	no_detected_CRE	no_detected_CRE	no_detected_CRE	no_detected_CRE
azteca_affinis_miranda_group	DMEL_CRE_00141	all_same	dazt	ARID	turnover_candidate	d_affinis|dmir|dper	TEMP	turnover_candidate	turnover_candidate	turnover_candidate	turnover_candidate	turnover_candidate
azteca_affinis_miranda_group	DMEL_CRE_00142	comparison_mixed	dazt	ARID	uncertain	d_affinis|dmir|dper	TEMP	mixed	uncertain	uncertain	uncertain	no_detected_CRE
azteca_affinis_miranda_group	DMEL_CRE_00143	all_same	dazt	ARID	turnover_candidate	d_affinis|dmir|dper	TEMP	turnover_candidate	turnover_candidate	turnover_candidate	turnover_candidate	turnover_candidate
azteca_affinis_miranda_group	DMEL_CRE_00144	comparison_mixed	dazt	ARID	no_detected_CRE	d_affinis|dmir|dper	TEMP	mixed	no_detected_CRE	no_detected_CRE	turnover_candidate	turnover_candidate
azteca_affinis_miranda_group	DMEL_CRE_00145	comparison_mixed	dazt	ARID	no_detected_CRE	d_affinis|dmir|dper	TEMP	mixed	no_detected_CRE	no_detected_CRE	present	present
azteca_affinis_miranda_group	DMEL_CRE_00146	comparison_mixed	dazt	ARID	turnover_candidate	d_affinis|dmir|dper	TEMP	mixed	turnover_candidate	turnover_candidate	no_detected_CRE	no_detected_CRE
azteca_affinis_miranda_group	DMEL_CRE_00147	comparison_mixed	dazt	ARID	no_detected_CRE	d_affinis|dmir|dper	TEMP	mixed	no_detected_CRE	no_detected_CRE	present	present
azteca_affinis_miranda_group	DMEL_CRE_00148	comparison_mixed	dazt	ARID	no_detected_CRE	d_affinis|dmir|dper	TEMP	mixed	no_detected_CRE	no_detected_CRE	turnover_candidate	turnover_candidate
azteca_affinis_miranda_group	DMEL_CRE_00149	all_same	dazt	ARID	no_detected_CRE	d_affinis|dmir|dper	TEMP	no_detected_CRE	no_detected_CRE	no_detected_CRE	no_detected_CRE	no_detected_CRE
azteca_affinis_miranda_group	DMEL_CRE_00150	comparison_mixed	dazt	ARID	no_detected_CRE	d_affinis|dmir|dper	TEMP	mixed	no_detected_CRE	uncertain	no_detected_CRE	no_detected_CRE
azteca_affinis_miranda_group	DMEL_CRE_00151	comparison_mixed	dazt	ARID	turnover_candidate	d_affinis|dmir|dper	TEMP	mixed	turnover_candidate	turnover_candidate	no_detected_CRE	turnover_candidate
azteca_affinis_miranda_group	DMEL_CRE_00152	comparison_mixed	dazt	ARID	turnover_candidate	d_affinis|dmir|dper	TEMP	mixed	turnover_candidate	present	present	turnover_candidate
azteca_affinis_miranda_group	DMEL_CRE_00153	comparison_mixed	dazt	ARID	present	d_affinis|dmir|dper	TEMP	mixed	present	turnover_candidate	no_detected_CRE	turnover_candidate
azteca_affinis_miranda_group	DMEL_CRE_00154	comparison_mixed	dazt	ARID	uncertain	d_affinis|dmir|dper	TEMP	mixed	uncertain	uncertain	uncertain	no_detected_CRE
azteca_affinis_miranda_group	DMEL_CRE_00155	all_same	dazt	ARID	present	d_affinis|dmir|dper	TEMP	present	present	present	present	present
azteca_affinis_miranda_group	DMEL_CRE_00156	all_same	dazt	ARID	uncertain	d_affinis|dmir|dper	TEMP	uncertain	uncertain	uncertain	uncertain	uncertain
azteca_affinis_miranda_group	DMEL_CRE_00157	all_same	dazt	ARID	no_detected_CRE	d_affinis|dmir|dper	TEMP	no_detected_CRE	no_detected_CRE	no_detected_CRE	no_detected_CRE	no_detected_CRE
azteca_affinis_miranda_group	DMEL_CRE_00158	comparison_mixed	dazt	ARID	no_detected_CRE	d_affinis|dmir|dper	TEMP	mixed	no_detected_CRE	no_detected_CRE	turnover_candidate	turnover_candidate
azteca_affinis_miranda_group	DMEL_CRE_00159	comparison_mixed	dazt	ARID	no_detected_CRE	d_affinis|dmir|dper	TEMP	mixed	no_detected_CRE	no_detected_CRE	present	no_detected_CRE
azteca_affinis_miranda_group	DMEL_CRE_00160	all_same	dazt	ARID	uncertain	d_affinis|dmir|dper	TEMP	uncertain	uncertain	uncertain	uncertain	uncertain
azteca_affinis_miranda_group	DMEL_CRE_00161	comparison_mixed	dazt	ARID	no_detected_CRE	d_affinis|dmir|dper	TEMP	mixed	no_detected_CRE	no_detected_CRE	no_detected_CRE	turnover_candidate
azteca_affinis_miranda_group	DMEL_CRE_00162	all_same	dazt	ARID	no_detected_CRE	d_affinis|dmir|dper	TEMP	no_detected_CRE	no_detected_CRE	no_detected_CRE	no_detected_CRE	no_detected_CRE
azteca_affinis_miranda_group	DMEL_CRE_00163	all_same	dazt	ARID	uncertain	d_affinis|dmir|dper	TEMP	uncertain	uncertain	uncertain	uncertain	uncertain
azteca_affinis_miranda_group	DMEL_CRE_00164	all_same	dazt	ARID	turnover_candidate	d_affinis|dmir|dper	TEMP	turnover_candidate	turnover_candidate	turnover_candidate	turnover_candidate	turnover_candidate
azteca_affinis_miranda_group	DMEL_CRE_00165	all_same	dazt	ARID	no_detected_CRE	d_affinis|dmir|dper	TEMP	no_detected_CRE	no_detected_CRE	no_detected_CRE	no_detected_CRE	no_detected_CRE
azteca_affinis_miranda_group	DMEL_CRE_00166	tier2	dazt	ARID	turnover_candidate	d_affinis|dmir|dper	TEMP	no_detected_CRE	turnover_candidate	no_detected_CRE	no_detected_CRE	no_detected_CRE
azteca_affinis_miranda_group	DMEL_CRE_00167	all_same	dazt	ARID	present	d_affinis|dmir|dper	TEMP	present	present	present	present	present
azteca_affinis_miranda_group	DMEL_CRE_00168	tier2	dazt	ARID	turnover_candidate	d_affinis|dmir|dper	TEMP	no_detected_CRE	turnover_candidate	no_detected_CRE	no_detected_CRE	no_detected_CRE
azteca_affinis_miranda_group	DMEL_CRE_00169	tier2	dazt	ARID	no_detected_CRE	d_affinis|dmir|dper	TEMP	turnover_candidate	no_detected_CRE	turnover_candidate	turnover_candidate	turnover_candidate
azteca_affinis_miranda_group	DMEL_CRE_00170	all_same	dazt	ARID	no_detected_CRE	d_affinis|dmir|dper	TEMP	no_detected_CRE	no_detected_CRE	no_detected_CRE	no_detected_CRE	no_detected_CRE
azteca_affinis_miranda_group	DMEL_CRE_00171	all_same	dazt	ARID	no_detected_CRE	d_affinis|dmir|dper	TEMP	no_detected_CRE	no_detected_CRE	no_detected_CRE	no_detected_CRE	no_detected_CRE
azteca_affinis_miranda_group	DMEL_CRE_00172	comparison_mixed	dazt	ARID	turnover_candidate	d_affinis|dmir|dper	TEMP	mixed	turnover_candidate	turnover_candidate	turnover_candidate	no_detected_CRE
azteca_affinis_miranda_group	DMEL_CRE_00173	all_same	dazt	ARID	uncertain	d_affinis|dmir|dper	TEMP	uncertain	uncertain	uncertain	uncertain	uncertain
azteca_affinis_miranda_group	DMEL_CRE_00174	comparison_mixed	dazt	ARID	uncertain	d_affinis|dmir|dper	TEMP	mixed	uncertain	uncertain	turnover_candidate	turnover_candidate
azteca_affinis_miranda_group	DMEL_CRE_00175	comparison_mixed	dazt	ARID	turnover_candidate	d_affinis|dmir|dper	TEMP	mixed	turnover_candidate	turnover_candidate	uncertain	uncertain
azteca_affinis_miranda_group	DMEL_CRE_00176	comparison_mixed	dazt	ARID	present	d_affinis|dmir|dper	TEMP	mixed	present	present	no_detected_CRE	no_detected_CRE
azteca_affinis_miranda_group	DMEL_CRE_00177	comparison_mixed	dazt	ARID	uncertain	d_affinis|dmir|dper	TEMP	mixed	uncertain	uncertain	uncertain	no_detected_CRE
azteca_affinis_miranda_group	DMEL_CRE_00178	tier2	dazt	ARID	no_detected_CRE	d_affinis|dmir|dper	TEMP	turnover_candidate	no_detected_CRE	turnover_candidate	turnover_candidate	turnover_candidate
azteca_affinis_miranda_group	DMEL_CRE_00179	all_same	dazt	ARID	no_detected_CRE	d_affinis|dmir|dper	TEMP	no_detected_CRE	no_detected_CRE	no_detected_CRE	no_detected_CRE	no_detected_CRE
azteca_affinis_miranda_group	DMEL_CRE_00180	all_same	dazt	ARID	no_detected_CRE	d_affinis|dmir|dper	TEMP	no_detected_CRE	no_detected_CRE	no_detected_CRE	no_detected_CRE	no_detected_CRE
azteca_affinis_miranda_group	DMEL_CRE_00181	all_same	dazt	ARID	uncertain	d_affinis|dmir|dper	TEMP	uncertain	uncertain	uncertain	uncertain	uncertain
azteca_affinis_miranda_group	DMEL_CRE_00182	comparison_mixed	dazt	ARID	no_detected_CRE	d_affinis|dmir|dper	TEMP	mixed	no_detected_CRE	no_detected_CRE	no_detected_CRE	turnover_candidate
azteca_affinis_miranda_group	DMEL_CRE_00183	comparison_mixed	dazt	ARID	turnover_candidate	d_affinis|dmir|dper	TEMP	mixed	turnover_candidate	no_detected_CRE	turnover_candidate	turnover_candidate
azteca_affinis_miranda_group	DMEL_CRE_00184	comparison_mixed	dazt	ARID	no_detected_CRE	d_affinis|dmir|dper	TEMP	mixed	no_detected_CRE	no_detected_CRE	no_detected_CRE	present
azteca_affinis_miranda_group	DMEL_CRE_00185	all_same	dazt	ARID	no_detected_CRE	d_affinis|dmir|dper	TEMP	no_detected_CRE	no_detected_CRE	no_detected_CRE	no_detected_CRE	no_detected_CRE
azteca_affinis_miranda_group	DMEL_CRE_00186	comparison_mixed	dazt	ARID	no_detected_CRE	d_affinis|dmir|dper	TEMP	mixed	no_detected_CRE	present	no_detected_CRE	no_detected_CRE
azteca_affinis_miranda_group	DMEL_CRE_00187	comparison_mixed	dazt	ARID	present	d_affinis|dmir|dper	TEMP	mixed	present	present	no_detected_CRE	no_detected_CRE
azteca_affinis_miranda_group	DMEL_CRE_00188	all_same	dazt	ARID	uncertain	d_affinis|dmir|dper	TEMP	uncertain	uncertain	uncertain	uncertain	uncertain
azteca_affinis_miranda_group	DMEL_CRE_00189	all_same	dazt	ARID	present	d_affinis|dmir|dper	TEMP	present	present	present	present	present
azteca_affinis_miranda_group	DMEL_CRE_00190	all_same	dazt	ARID	no_detected_CRE	d_affinis|dmir|dper	TEMP	no_detected_CRE	no_detected_CRE	no_detected_CRE	no_detected_CRE	no_detected_CRE
azteca_affinis_miranda_group	DMEL_CRE_00191	all_same	dazt	ARID	no_detected_CRE	d_affinis|dmir|dper	TEMP	no_detected_CRE	no_detected_CRE	no_detected_CRE	no_detected_CRE	no_detected_CRE
azteca_affinis_miranda_group	DMEL_CRE_00192	all_same	dazt	ARID	uncertain	d_affinis|dmir|dper	TEMP	uncertain	uncertain	uncertain	uncertain	uncertain
azteca_affinis_miranda_group	DMEL_CRE_00193	all_same	dazt	ARID	turnover_candidate	d_affinis|dmir|dper	TEMP	turnover_candidate	turnover_candidate	turnover_candidate	turnover_candidate	turnover_candidate
azteca_affinis_miranda_group	DMEL_CRE_00194	all_same	dazt	ARID	no_detected_CRE	d_affinis|dmir|dper	TEMP	no_detected_CRE	no_detected_CRE	no_detected_CRE	no_detected_CRE	no_detected_CRE
azteca_affinis_miranda_group	DMEL_CRE_00195	comparison_mixed	dazt	ARID	no_detected_CRE	d_affinis|dmir|dper	TEMP	mixed	no_detected_CRE	no_detected_CRE	no_detected_CRE	uncertain
azteca_affinis_miranda_group	DMEL_CRE_00196	all_same	dazt	ARID	no_detected_CRE	d_affinis|dmir|dper	TEMP	no_detected_CRE	no_detected_CRE	no_detected_CRE	no_detected_CRE	no_detected_CRE
azteca_affinis_miranda_group	DMEL_CRE_00197	comparison_mixed	dazt	ARID	turnover_candidate	d_affinis|dmir|dper	TEMP	mixed	turnover_candidate	present	no_detected_CRE	turnover_candidate
azteca_affinis_miranda_group	DMEL_CRE_00198	all_same	dazt	ARID	turnover_candidate	d_affinis|dmir|dper	TEMP	turnover_candidate	turnover_candidate	turnover_candidate	turnover_candidate	turnover_candidate
azteca_affinis_miranda_group	DMEL_CRE_00199	all_same	dazt	ARID	no_detected_CRE	d_affinis|dmir|dper	TEMP	no_detected_CRE	no_detected_CRE	no_detected_CRE	no_detected_CRE	no_detected_CRE
azteca_affinis_miranda_group	DMEL_CRE_00200	all_same	dazt	ARID	no_detected_CRE	d_affinis|dmir|dper	TEMP	no_detected_CRE	no_detected_CRE	no_detected_CRE	no_detected_CRE	no_detected_CRE
azteca_affinis_miranda_group	DMEL_CRE_00201	comparison_mixed	dazt	ARID	no_detected_CRE	d_affinis|dmir|dper	TEMP	mixed	no_detected_CRE	no_detected_CRE	turnover_candidate	no_detected_CRE
azteca_affinis_miranda_group	DMEL_CRE_00202	all_same	dazt	ARID	no_detected_CRE	d_affinis|dmir|dper	TEMP	no_detected_CRE	no_detected_CRE	no_detected_CRE	no_detected_CRE	no_detected_CRE
azteca_affinis_miranda_group	DMEL_CRE_00203	all_same	dazt	ARID	no_detected_CRE	d_affinis|dmir|dper	TEMP	no_detected_CRE	no_detected_CRE	no_detected_CRE	no_detected_CRE	no_detected_CRE
azteca_affinis_miranda_group	DMEL_CRE_00204	all_same	dazt	ARID	no_detected_CRE	d_affinis|dmir|dper	TEMP	no_detected_CRE	no_detected_CRE	no_detected_CRE	no_detected_CRE	no_detected_CRE
azteca_affinis_miranda_group	DMEL_CRE_00205	all_same	dazt	ARID	present	d_affinis|dmir|dper	TEMP	present	present	present	present	present
azteca_affinis_miranda_group	DMEL_CRE_00206	tier2	dazt	ARID	present	d_affinis|dmir|dper	TEMP	no_detected_CRE	present	no_detected_CRE	no_detected_CRE	no_detected_CRE
azteca_affinis_miranda_group	DMEL_CRE_00207	comparison_mixed	dazt	ARID	no_detected_CRE	d_affinis|dmir|dper	TEMP	mixed	no_detected_CRE	present	uncertain	uncertain
azteca_affinis_miranda_group	DMEL_CRE_00208	comparison_mixed	dazt	ARID	no_detected_CRE	d_affinis|dmir|dper	TEMP	mixed	no_detected_CRE	turnover_candidate	no_detected_CRE	turnover_candidate
azteca_affinis_miranda_group	DMEL_CRE_00209	comparison_mixed	dazt	ARID	turnover_candidate	d_affinis|dmir|dper	TEMP	mixed	turnover_candidate	turnover_candidate	no_detected_CRE	turnover_candidate
azteca_affinis_miranda_group	DMEL_CRE_00210	all_same	dazt	ARID	no_detected_CRE	d_affinis|dmir|dper	TEMP	no_detected_CRE	no_detected_CRE	no_detected_CRE	no_detected_CRE	no_detected_CRE
azteca_affinis_miranda_group	DMEL_CRE_00211	all_same	dazt	ARID	no_detected_CRE	d_affinis|dmir|dper	TEMP	no_detected_CRE	no_detected_CRE	no_detected_CRE	no_detected_CRE	no_detected_CRE
azteca_affinis_miranda_group	DMEL_CRE_00212	all_same	dazt	ARID	no_detected_CRE	d_affinis|dmir|dper	TEMP	no_detected_CRE	no_detected_CRE	no_detected_CRE	no_detected_CRE	no_detected_CRE
azteca_affinis_miranda_group	DMEL_CRE_00213	all_same	dazt	ARID	uncertain	d_affinis|dmir|dper	TEMP	uncertain	uncertain	uncertain	uncertain	uncertain
azteca_affinis_miranda_group	DMEL_CRE_00214	all_same	dazt	ARID	no_detected_CRE	d_affinis|dmir|dper	TEMP	no_detected_CRE	no_detected_CRE	no_detected_CRE	no_detected_CRE	no_detected_CRE
azteca_affinis_miranda_group	DMEL_CRE_00215	all_same	dazt	ARID	no_detected_CRE	d_affinis|dmir|dper	TEMP	no_detected_CRE	no_detected_CRE	no_detected_CRE	no_detected_CRE	no_detected_CRE
azteca_affinis_miranda_group	DMEL_CRE_00216	all_same	dazt	ARID	no_detected_CRE	d_affinis|dmir|dper	TEMP	no_detected_CRE	no_detected_CRE	no_detected_CRE	no_detected_CRE	no_detected_CRE
azteca_affinis_miranda_group	DMEL_CRE_00217	all_same	dazt	ARID	no_detected_CRE	d_affinis|dmir|dper	TEMP	no_detected_CRE	no_detected_CRE	no_detected_CRE	no_detected_CRE	no_detected_CRE
azteca_affinis_miranda_group	DMEL_CRE_00218	all_same	dazt	ARID	no_detected_CRE	d_affinis|dmir|dper	TEMP	no_detected_CRE	no_detected_CRE	no_detected_CRE	no_detected_CRE	no_detected_CRE
azteca_affinis_miranda_group	DMEL_CRE_00219	all_same	dazt	ARID	no_detected_CRE	d_affinis|dmir|dper	TEMP	no_detected_CRE	no_detected_CRE	no_detected_CRE	no_detected_CRE	no_detected_CRE
azteca_affinis_miranda_group	DMEL_CRE_00220	comparison_mixed	dazt	ARID	turnover_candidate	d_affinis|dmir|dper	TEMP	mixed	turnover_candidate	no_detected_CRE	turnover_candidate	turnover_candidate
azteca_affinis_miranda_group	DMEL_CRE_00221	all_same	dazt	ARID	uncertain	d_affinis|dmir|dper	TEMP	uncertain	uncertain	uncertain	uncertain	uncertain
azteca_affinis_miranda_group	DMEL_CRE_00222	comparison_mixed	dazt	ARID	no_detected_CRE	d_affinis|dmir|dper	TEMP	mixed	no_detected_CRE	no_detected_CRE	no_detected_CRE	turnover_candidate
azteca_affinis_miranda_group	DMEL_CRE_00223	comparison_mixed	dazt	ARID	turnover_candidate	d_affinis|dmir|dper	TEMP	mixed	turnover_candidate	no_detected_CRE	turnover_candidate	no_detected_CRE
azteca_affinis_miranda_group	DMEL_CRE_00224	all_same	dazt	ARID	no_detected_CRE	d_affinis|dmir|dper	TEMP	no_detected_CRE	no_detected_CRE	no_detected_CRE	no_detected_CRE	no_detected_CRE
azteca_affinis_miranda_group	DMEL_CRE_00225	all_same	dazt	ARID	no_detected_CRE	d_affinis|dmir|dper	TEMP	no_detected_CRE	no_detected_CRE	no_detected_CRE	no_detected_CRE	no_detected_CRE
azteca_affinis_miranda_group	DMEL_CRE_00226	comparison_mixed	dazt	ARID	no_detected_CRE	d_affinis|dmir|dper	TEMP	mixed	no_detected_CRE	present	no_detected_CRE	no_detected_CRE
azteca_affinis_miranda_group	DMEL_CRE_00227	comparison_mixed	dazt	ARID	turnover_candidate	d_affinis|dmir|dper	TEMP	mixed	turnover_candidate	turnover_candidate	turnover_candidate	no_detected_CRE
azteca_affinis_miranda_group	DMEL_CRE_00228	comparison_mixed	dazt	ARID	present	d_affinis|dmir|dper	TEMP	mixed	present	turnover_candidate	turnover_candidate	no_detected_CRE
azteca_affinis_miranda_group	DMEL_CRE_00229	all_same	dazt	ARID	no_detected_CRE	d_affinis|dmir|dper	TEMP	no_detected_CRE	no_detected_CRE	no_detected_CRE	no_detected_CRE	no_detected_CRE
azteca_affinis_miranda_group	DMEL_CRE_00230	comparison_mixed	dazt	ARID	no_detected_CRE	d_affinis|dmir|dper	TEMP	mixed	no_detected_CRE	no_detected_CRE	present	present
azteca_affinis_miranda_group	DMEL_CRE_00231	comparison_mixed	dazt	ARID	no_detected_CRE	d_affinis|dmir|dper	TEMP	mixed	no_detected_CRE	present	turnover_candidate	present
azteca_affinis_miranda_group	DMEL_CRE_00232	comparison_mixed	dazt	ARID	no_detected_CRE	d_affinis|dmir|dper	TEMP	mixed	no_detected_CRE	no_detected_CRE	no_detected_CRE	turnover_candidate
azteca_affinis_miranda_group	DMEL_CRE_00233	comparison_mixed	dazt	ARID	present	d_affinis|dmir|dper	TEMP	mixed	present	no_detected_CRE	present	present
azteca_affinis_miranda_group	DMEL_CRE_00234	all_same	dazt	ARID	turnover_candidate	d_affinis|dmir|dper	TEMP	turnover_candidate	turnover_candidate	turnover_candidate	turnover_candidate	turnover_candidate
azteca_affinis_miranda_group	DMEL_CRE_00235	all_same	dazt	ARID	no_detected_CRE	d_affinis|dmir|dper	TEMP	no_detected_CRE	no_detected_CRE	no_detected_CRE	no_detected_CRE	no_detected_CRE
azteca_affinis_miranda_group	DMEL_CRE_00236	comparison_mixed	dazt	ARID	present	d_affinis|dmir|dper	TEMP	mixed	present	present	no_detected_CRE	no_detected_CRE
azteca_affinis_miranda_group	DMEL_CRE_00237	all_same	dazt	ARID	no_detected_CRE	d_affinis|dmir|dper	TEMP	no_detected_CRE	no_detected_CRE	no_detected_CRE	no_detected_CRE	no_detected_CRE
azteca_affinis_miranda_group	DMEL_CRE_00238	all_same	dazt	ARID	no_detected_CRE	d_affinis|dmir|dper	TEMP	no_detected_CRE	no_detected_CRE	no_detected_CRE	no_detected_CRE	no_detected_CRE
azteca_affinis_miranda_group	DMEL_CRE_00239	comparison_mixed	dazt	ARID	no_detected_CRE	d_affinis|dmir|dper	TEMP	mixed	no_detected_CRE	no_detected_CRE	no_detected_CRE	present
azteca_affinis_miranda_group	DMEL_CRE_00240	all_same	dazt	ARID	no_detected_CRE	d_affinis|dmir|dper	TEMP	no_detected_CRE	no_detected_CRE	no_detected_CRE	no_detected_CRE	no_detected_CRE
azteca_affinis_miranda_group	DMEL_CRE_00241	comparison_mixed	dazt	ARID	turnover_candidate	d_affinis|dmir|dper	TEMP	mixed	turnover_candidate	present	turnover_candidate	no_detected_CRE
azteca_affinis_miranda_group	DMEL_CRE_00242	comparison_mixed	dazt	ARID	no_detected_CRE	d_affinis|dmir|dper	TEMP	mixed	no_detected_CRE	no_detected_CRE	turnover_candidate	no_detected_CRE
azteca_affinis_miranda_group	DMEL_CRE_00243	comparison_mixed	dazt	ARID	no_detected_CRE	d_affinis|dmir|dper	TEMP	mixed	no_detected_CRE	turnover_candidate	no_detected_CRE	no_detected_CRE
azteca_affinis_miranda_group	DMEL_CRE_00244	all_same	dazt	ARID	no_detected_CRE	d_affinis|dmir|dper	TEMP	no_detected_CRE	no_detected_CRE	no_detected_CRE	no_detected_CRE	no_detected_CRE
azteca_affinis_miranda_group	DMEL_CRE_00245	all_same	dazt	ARID	no_detected_CRE	d_affinis|dmir|dper	TEMP	no_detected_CRE	no_detected_CRE	no_detected_CRE	no_detected_CRE	no_detected_CRE
azteca_affinis_miranda_group	DMEL_CRE_00246	comparison_mixed	dazt	ARID	uncertain	d_affinis|dmir|dper	TEMP	mixed	uncertain	uncertain	no_detected_CRE	uncertain
azteca_affinis_miranda_group	DMEL_CRE_00247	all_same	dazt	ARID	no_detected_CRE	d_affinis|dmir|dper	TEMP	no_detected_CRE	no_detected_CRE	no_detected_CRE	no_detected_CRE	no_detected_CRE
azteca_affinis_miranda_group	DMEL_CRE_00248	comparison_mixed	dazt	ARID	no_detected_CRE	d_affinis|dmir|dper	TEMP	mixed	no_detected_CRE	turnover_candidate	no_detected_CRE	no_detected_CRE
azteca_affinis_miranda_group	DMEL_CRE_00249	tier3	dazt	ARID	uncertain	d_affinis|dmir|dper	TEMP	no_detected_CRE	uncertain	no_detected_CRE	no_detected_CRE	no_detected_CRE
azteca_affinis_miranda_group	DMEL_CRE_00250	all_same	dazt	ARID	no_detected_CRE	d_affinis|dmir|dper	TEMP	no_detected_CRE	no_detected_CRE	no_detected_CRE	no_detected_CRE	no_detected_CRE
azteca_affinis_miranda_group	DMEL_CRE_00251	all_same	dazt	ARID	no_detected_CRE	d_affinis|dmir|dper	TEMP	no_detected_CRE	no_detected_CRE	no_detected_CRE	no_detected_CRE	no_detected_CRE
azteca_affinis_miranda_group	DMEL_CRE_00252	all_same	dazt	ARID	no_detected_CRE	d_affinis|dmir|dper	TEMP	no_detected_CRE	no_detected_CRE	no_detected_CRE	no_detected_CRE	no_detected_CRE
azteca_affinis_miranda_group	DMEL_CRE_00253	tier3	dazt	ARID	no_detected_CRE	d_affinis|dmir|dper	TEMP	uncertain	no_detected_CRE	uncertain	uncertain	uncertain
azteca_affinis_miranda_group	DMEL_CRE_00254	all_same	dazt	ARID	no_detected_CRE	d_affinis|dmir|dper	TEMP	no_detected_CRE	no_detected_CRE	no_detected_CRE	no_detected_CRE	no_detected_CRE
azteca_affinis_miranda_group	DMEL_CRE_00255	all_same	dazt	ARID	present	d_affinis|dmir|dper	TEMP	present	present	present	present	present
azteca_affinis_miranda_group	DMEL_CRE_00256	all_same	dazt	ARID	turnover_candidate	d_affinis|dmir|dper	TEMP	turnover_candidate	turnover_candidate	turnover_candidate	turnover_candidate	turnover_candidate
azteca_affinis_miranda_group	DMEL_CRE_00257	all_same	dazt	ARID	no_detected_CRE	d_affinis|dmir|dper	TEMP	no_detected_CRE	no_detected_CRE	no_detected_CRE	no_detected_CRE	no_detected_CRE
azteca_affinis_miranda_group	DMEL_CRE_00258	all_same	dazt	ARID	no_detected_CRE	d_affinis|dmir|dper	TEMP	no_detected_CRE	no_detected_CRE	no_detected_CRE	no_detected_CRE	no_detected_CRE
azteca_affinis_miranda_group	DMEL_CRE_00259	tier3	dazt	ARID	uncertain	d_affinis|dmir|dper	TEMP	no_detected_CRE	uncertain	no_detected_CRE	no_detected_CRE	no_detected_CRE
azteca_affinis_miranda_group	DMEL_CRE_00260	all_same	dazt	ARID	uncertain	d_affinis|dmir|dper	TEMP	uncertain	uncertain	uncertain	uncertain	uncertain
azteca_affinis_miranda_group	DMEL_CRE_00261	all_same	dazt	ARID	uncertain	d_affinis|dmir|dper	TEMP	uncertain	uncertain	uncertain	uncertain	uncertain
azteca_affinis_miranda_group	DMEL_CRE_00262	comparison_mixed	dazt	ARID	uncertain	d_affinis|dmir|dper	TEMP	mixed	uncertain	uncertain	no_detected_CRE	no_detected_CRE
azteca_affinis_miranda_group	DMEL_CRE_00263	all_same	dazt	ARID	no_detected_CRE	d_affinis|dmir|dper	TEMP	no_detected_CRE	no_detected_CRE	no_detected_CRE	no_detected_CRE	no_detected_CRE
azteca_affinis_miranda_group	DMEL_CRE_00264	comparison_mixed	dazt	ARID	no_detected_CRE	d_affinis|dmir|dper	TEMP	mixed	no_detected_CRE	present	no_detected_CRE	no_detected_CRE
azteca_affinis_miranda_group	DMEL_CRE_00265	comparison_mixed	dazt	ARID	no_detected_CRE	d_affinis|dmir|dper	TEMP	mixed	no_detected_CRE	no_detected_CRE	turnover_candidate	turnover_candidate
azteca_affinis_miranda_group	DMEL_CRE_00266	comparison_mixed	dazt	ARID	no_detected_CRE	d_affinis|dmir|dper	TEMP	mixed	no_detected_CRE	no_detected_CRE	present	present
azteca_affinis_miranda_group	DMEL_CRE_00267	comparison_mixed	dazt	ARID	uncertain	d_affinis|dmir|dper	TEMP	mixed	uncertain	uncertain	turnover_candidate	turnover_candidate
azteca_affinis_miranda_group	DMEL_CRE_00268	all_same	dazt	ARID	no_detected_CRE	d_affinis|dmir|dper	TEMP	no_detected_CRE	no_detected_CRE	no_detected_CRE	no_detected_CRE	no_detected_CRE
azteca_affinis_miranda_group	DMEL_CRE_00269	comparison_mixed	dazt	ARID	no_detected_CRE	d_affinis|dmir|dper	TEMP	mixed	no_detected_CRE	no_detected_CRE	present	present
azteca_affinis_miranda_group	DMEL_CRE_00270	all_same	dazt	ARID	no_detected_CRE	d_affinis|dmir|dper	TEMP	no_detected_CRE	no_detected_CRE	no_detected_CRE	no_detected_CRE	no_detected_CRE
azteca_affinis_miranda_group	DMEL_CRE_00271	all_same	dazt	ARID	no_detected_CRE	d_affinis|dmir|dper	TEMP	no_detected_CRE	no_detected_CRE	no_detected_CRE	no_detected_CRE	no_detected_CRE
azteca_affinis_miranda_group	DMEL_CRE_00272	all_same	dazt	ARID	no_detected_CRE	d_affinis|dmir|dper	TEMP	no_detected_CRE	no_detected_CRE	no_detected_CRE	no_detected_CRE	no_detected_CRE
azteca_affinis_miranda_group	DMEL_CRE_00273	comparison_mixed	dazt	ARID	present	d_affinis|dmir|dper	TEMP	mixed	present	no_detected_CRE	present	no_detected_CRE
azteca_affinis_miranda_group	DMEL_CRE_00274	comparison_mixed	dazt	ARID	turnover_candidate	d_affinis|dmir|dper	TEMP	mixed	turnover_candidate	turnover_candidate	uncertain	uncertain
azteca_affinis_miranda_group	DMEL_CRE_00275	comparison_mixed	dazt	ARID	turnover_candidate	d_affinis|dmir|dper	TEMP	mixed	turnover_candidate	turnover_candidate	turnover_candidate	present
azteca_affinis_miranda_group	DMEL_CRE_00276	comparison_mixed	dazt	ARID	present	d_affinis|dmir|dper	TEMP	mixed	present	present	uncertain	uncertain
azteca_affinis_miranda_group	DMEL_CRE_00277	all_same	dazt	ARID	present	d_affinis|dmir|dper	TEMP	present	present	present	present	present
azteca_affinis_miranda_group	DMEL_CRE_00278	all_same	dazt	ARID	present	d_affinis|dmir|dper	TEMP	present	present	present	present	present
azteca_affinis_miranda_group	DMEL_CRE_00279	all_same	dazt	ARID	no_detected_CRE	d_affinis|dmir|dper	TEMP	no_detected_CRE	no_detected_CRE	no_detected_CRE	no_detected_CRE	no_detected_CRE
azteca_affinis_miranda_group	DMEL_CRE_00280	comparison_mixed	dazt	ARID	no_detected_CRE	d_affinis|dmir|dper	TEMP	mixed	no_detected_CRE	no_detected_CRE	no_detected_CRE	uncertain
azteca_affinis_miranda_group	DMEL_CRE_00281	all_same	dazt	ARID	no_detected_CRE	d_affinis|dmir|dper	TEMP	no_detected_CRE	no_detected_CRE	no_detected_CRE	no_detected_CRE	no_detected_CRE
azteca_affinis_miranda_group	DMEL_CRE_00282	comparison_mixed	dazt	ARID	no_detected_CRE	d_affinis|dmir|dper	TEMP	mixed	no_detected_CRE	uncertain	no_detected_CRE	no_detected_CRE
azteca_affinis_miranda_group	DMEL_CRE_00283	all_same	dazt	ARID	no_detected_CRE	d_affinis|dmir|dper	TEMP	no_detected_CRE	no_detected_CRE	no_detected_CRE	no_detected_CRE	no_detected_CRE
azteca_affinis_miranda_group	DMEL_CRE_00284	all_same	dazt	ARID	no_detected_CRE	d_affinis|dmir|dper	TEMP	no_detected_CRE	no_detected_CRE	no_detected_CRE	no_detected_CRE	no_detected_CRE
azteca_affinis_miranda_group	DMEL_CRE_00285	all_same	dazt	ARID	no_detected_CRE	d_affinis|dmir|dper	TEMP	no_detected_CRE	no_detected_CRE	no_detected_CRE	no_detected_CRE	no_detected_CRE
azteca_affinis_miranda_group	DMEL_CRE_00286	all_same	dazt	ARID	no_detected_CRE	d_affinis|dmir|dper	TEMP	no_detected_CRE	no_detected_CRE	no_detected_CRE	no_detected_CRE	no_detected_CRE
azteca_affinis_miranda_group	DMEL_CRE_00287	all_same	dazt	ARID	uncertain	d_affinis|dmir|dper	TEMP	uncertain	uncertain	uncertain	uncertain	uncertain
azteca_affinis_miranda_group	DMEL_CRE_00288	comparison_mixed	dazt	ARID	no_detected_CRE	d_affinis|dmir|dper	TEMP	mixed	no_detected_CRE	no_detected_CRE	uncertain	uncertain
azteca_affinis_miranda_group	DMEL_CRE_00289	all_same	dazt	ARID	uncertain	d_affinis|dmir|dper	TEMP	uncertain	uncertain	uncertain	uncertain	uncertain
azteca_affinis_miranda_group	DMEL_CRE_00290	tier2	dazt	ARID	present	d_affinis|dmir|dper	TEMP	no_detected_CRE	present	no_detected_CRE	no_detected_CRE	no_detected_CRE
azteca_affinis_miranda_group	DMEL_CRE_00291	comparison_mixed	dazt	ARID	no_detected_CRE	d_affinis|dmir|dper	TEMP	mixed	no_detected_CRE	no_detected_CRE	present	turnover_candidate
azteca_affinis_miranda_group	DMEL_CRE_00292	comparison_mixed	dazt	ARID	no_detected_CRE	d_affinis|dmir|dper	TEMP	mixed	no_detected_CRE	no_detected_CRE	present	uncertain
azteca_affinis_miranda_group	DMEL_CRE_00293	comparison_mixed	dazt	ARID	no_detected_CRE	d_affinis|dmir|dper	TEMP	mixed	no_detected_CRE	present	no_detected_CRE	no_detected_CRE
azteca_affinis_miranda_group	DMEL_CRE_00294	all_same	dazt	ARID	turnover_candidate	d_affinis|dmir|dper	TEMP	turnover_candidate	turnover_candidate	turnover_candidate	turnover_candidate	turnover_candidate
azteca_affinis_miranda_group	DMEL_CRE_00295	comparison_mixed	dazt	ARID	present	d_affinis|dmir|dper	TEMP	mixed	present	no_detected_CRE	no_detected_CRE	present
azteca_affinis_miranda_group	DMEL_CRE_00296	comparison_mixed	dazt	ARID	turnover_candidate	d_affinis|dmir|dper	TEMP	mixed	turnover_candidate	turnover_candidate	no_detected_CRE	no_detected_CRE
azteca_affinis_miranda_group	DMEL_CRE_00297	comparison_mixed	dazt	ARID	present	d_affinis|dmir|dper	TEMP	mixed	present	turnover_candidate	no_detected_CRE	no_detected_CRE
azteca_affinis_miranda_group	DMEL_CRE_00298	all_same	dazt	ARID	no_detected_CRE	d_affinis|dmir|dper	TEMP	no_detected_CRE	no_detected_CRE	no_detected_CRE	no_detected_CRE	no_detected_CRE
azteca_affinis_miranda_group	DMEL_CRE_00299	comparison_mixed	dazt	ARID	present	d_affinis|dmir|dper	TEMP	mixed	present	turnover_candidate	no_detected_CRE	turnover_candidate
azteca_affinis_miranda_group	DMEL_CRE_00300	all_same	dazt	ARID	no_detected_CRE	d_affinis|dmir|dper	TEMP	no_detected_CRE	no_detected_CRE	no_detected_CRE	no_detected_CRE	no_detected_CRE
azteca_affinis_miranda_group	DMEL_CRE_00301	all_same	dazt	ARID	uncertain	d_affinis|dmir|dper	TEMP	uncertain	uncertain	uncertain	uncertain	uncertain
azteca_affinis_miranda_group	DMEL_CRE_00302	all_same	dazt	ARID	present	d_affinis|dmir|dper	TEMP	present	present	present	present	present
azteca_affinis_miranda_group	DMEL_CRE_00303	comparison_mixed	dazt	ARID	turnover_candidate	d_affinis|dmir|dper	TEMP	mixed	turnover_candidate	no_detected_CRE	turnover_candidate	turnover_candidate
azteca_affinis_miranda_group	DMEL_CRE_00304	comparison_mixed	dazt	ARID	turnover_candidate	d_affinis|dmir|dper	TEMP	mixed	turnover_candidate	no_detected_CRE	turnover_candidate	turnover_candidate
azteca_affinis_miranda_group	DMEL_CRE_00305	comparison_mixed	dazt	ARID	present	d_affinis|dmir|dper	TEMP	mixed	present	present	turnover_candidate	uncertain
azteca_affinis_miranda_group	DMEL_CRE_00306	all_same	dazt	ARID	no_detected_CRE	d_affinis|dmir|dper	TEMP	no_detected_CRE	no_detected_CRE	no_detected_CRE	no_detected_CRE	no_detected_CRE
azteca_affinis_miranda_group	DMEL_CRE_00307	all_same	dazt	ARID	uncertain	d_affinis|dmir|dper	TEMP	uncertain	uncertain	uncertain	uncertain	uncertain
azteca_affinis_miranda_group	DMEL_CRE_00308	tier2	dazt	ARID	present	d_affinis|dmir|dper	TEMP	no_detected_CRE	present	no_detected_CRE	no_detected_CRE	no_detected_CRE
azteca_affinis_miranda_group	DMEL_CRE_00309	tier1	dazt	ARID	present	d_affinis|dmir|dper	TEMP	turnover_candidate	present	turnover_candidate	turnover_candidate	turnover_candidate
azteca_affinis_miranda_group	DMEL_CRE_00310	tier1	dazt	ARID	turnover_candidate	d_affinis|dmir|dper	TEMP	present	turnover_candidate	present	present	present
azteca_affinis_miranda_group	DMEL_CRE_00311	all_same	dazt	ARID	present	d_affinis|dmir|dper	TEMP	present	present	present	present	present
azteca_affinis_miranda_group	DMEL_CRE_00312	all_same	dazt	ARID	no_detected_CRE	d_affinis|dmir|dper	TEMP	no_detected_CRE	no_detected_CRE	no_detected_CRE	no_detected_CRE	no_detected_CRE
azteca_affinis_miranda_group	DMEL_CRE_00313	comparison_mixed	dazt	ARID	turnover_candidate	d_affinis|dmir|dper	TEMP	mixed	turnover_candidate	no_detected_CRE	turnover_candidate	turnover_candidate
azteca_affinis_miranda_group	DMEL_CRE_00314	comparison_mixed	dazt	ARID	turnover_candidate	d_affinis|dmir|dper	TEMP	mixed	turnover_candidate	turnover_candidate	no_detected_CRE	no_detected_CRE
azteca_affinis_miranda_group	DMEL_CRE_00315	comparison_mixed	dazt	ARID	present	d_affinis|dmir|dper	TEMP	mixed	present	present	turnover_candidate	turnover_candidate
azteca_affinis_miranda_group	DMEL_CRE_00316	comparison_mixed	dazt	ARID	turnover_candidate	d_affinis|dmir|dper	TEMP	mixed	turnover_candidate	no_detected_CRE	uncertain	uncertain
azteca_affinis_miranda_group	DMEL_CRE_00317	comparison_mixed	dazt	ARID	no_detected_CRE	d_affinis|dmir|dper	TEMP	mixed	no_detected_CRE	no_detected_CRE	no_detected_CRE	uncertain
azteca_affinis_miranda_group	DMEL_CRE_00318	all_same	dazt	ARID	turnover_candidate	d_affinis|dmir|dper	TEMP	turnover_candidate	turnover_candidate	turnover_candidate	turnover_candidate	turnover_candidate
azteca_affinis_miranda_group	DMEL_CRE_00319	comparison_mixed	dazt	ARID	present	d_affinis|dmir|dper	TEMP	mixed	present	no_detected_CRE	present	present
azteca_affinis_miranda_group	DMEL_CRE_00320	all_same	dazt	ARID	no_detected_CRE	d_affinis|dmir|dper	TEMP	no_detected_CRE	no_detected_CRE	no_detected_CRE	no_detected_CRE	no_detected_CRE
azteca_affinis_miranda_group	DMEL_CRE_00321	comparison_mixed	dazt	ARID	present	d_affinis|dmir|dper	TEMP	mixed	present	turnover_candidate	present	turnover_candidate
azteca_affinis_miranda_group	DMEL_CRE_00322	all_same	dazt	ARID	no_detected_CRE	d_affinis|dmir|dper	TEMP	no_detected_CRE	no_detected_CRE	no_detected_CRE	no_detected_CRE	no_detected_CRE
azteca_affinis_miranda_group	DMEL_CRE_00323	all_same	dazt	ARID	uncertain	d_affinis|dmir|dper	TEMP	uncertain	uncertain	uncertain	uncertain	uncertain
azteca_affinis_miranda_group	DMEL_CRE_00324	comparison_mixed	dazt	ARID	present	d_affinis|dmir|dper	TEMP	mixed	present	no_detected_CRE	no_detected_CRE	present
azteca_affinis_miranda_group	DMEL_CRE_00325	all_same	dazt	ARID	no_detected_CRE	d_affinis|dmir|dper	TEMP	no_detected_CRE	no_detected_CRE	no_detected_CRE	no_detected_CRE	no_detected_CRE
azteca_affinis_miranda_group	DMEL_CRE_00326	all_same	dazt	ARID	no_detected_CRE	d_affinis|dmir|dper	TEMP	no_detected_CRE	no_detected_CRE	no_detected_CRE	no_detected_CRE	no_detected_CRE
azteca_affinis_miranda_group	DMEL_CRE_00327	all_same	dazt	ARID	no_detected_CRE	d_affinis|dmir|dper	TEMP	no_detected_CRE	no_detected_CRE	no_detected_CRE	no_detected_CRE	no_detected_CRE
azteca_affinis_miranda_group	DMEL_CRE_00328	comparison_mixed	dazt	ARID	turnover_candidate	d_affinis|dmir|dper	TEMP	mixed	turnover_candidate	turnover_candidate	no_detected_CRE	no_detected_CRE
azteca_affinis_miranda_group	DMEL_CRE_00329	tier2	dazt	ARID	no_detected_CRE	d_affinis|dmir|dper	TEMP	present	no_detected_CRE	present	present	present
azteca_affinis_miranda_group	DMEL_CRE_00330	tier1	dazt	ARID	turnover_candidate	d_affinis|dmir|dper	TEMP	present	turnover_candidate	present	present	present
azteca_affinis_miranda_group	DMEL_CRE_00331	tier1	dazt	ARID	turnover_candidate	d_affinis|dmir|dper	TEMP	present	turnover_candidate	present	present	present
azteca_affinis_miranda_group	DMEL_CRE_00332	comparison_mixed	dazt	ARID	turnover_candidate	d_affinis|dmir|dper	TEMP	mixed	turnover_candidate	turnover_candidate	no_detected_CRE	turnover_candidate
azteca_affinis_miranda_group	DMEL_CRE_00333	comparison_mixed	dazt	ARID	turnover_candidate	d_affinis|dmir|dper	TEMP	mixed	turnover_candidate	turnover_candidate	no_detected_CRE	present
azteca_affinis_miranda_group	DMEL_CRE_00334	tier3	dazt	ARID	no_detected_CRE	d_affinis|dmir|dper	TEMP	uncertain	no_detected_CRE	uncertain	uncertain	uncertain
azteca_affinis_miranda_group	DMEL_CRE_00335	comparison_mixed	dazt	ARID	no_detected_CRE	d_affinis|dmir|dper	TEMP	mixed	no_detected_CRE	turnover_candidate	no_detected_CRE	turnover_candidate
azteca_affinis_miranda_group	DMEL_CRE_00336	all_same	dazt	ARID	no_detected_CRE	d_affinis|dmir|dper	TEMP	no_detected_CRE	no_detected_CRE	no_detected_CRE	no_detected_CRE	no_detected_CRE
azteca_affinis_miranda_group	DMEL_CRE_00337	all_same	dazt	ARID	turnover_candidate	d_affinis|dmir|dper	TEMP	turnover_candidate	turnover_candidate	turnover_candidate	turnover_candidate	turnover_candidate
