group_name	dmel_cre_id	category	focal_species	focal_climate	focal_state	comparison_species	comparison_climate	comparison_consensus_state	dimm	dfor	dsul	dnas
immigrans_group	DMEL_CRE_00003	comparison_mixed	dimm	TEMP	uncertain	dfor|dsul|dnas	TROP	mixed	uncertain	uncertain	present	present
immigrans_group	DMEL_CRE_00005	comparison_mixed	dimm	TEMP	uncertain	dfor|dsul|dnas	TROP	mixed	uncertain	no_detected_CRE	uncertain	uncertain
immigrans_group	DMEL_CRE_00006	comparison_mixed	dimm	TEMP	uncertain	dfor|dsul|dnas	TROP	mixed	uncertain	uncertain	no_detected_CRE	turnover_candidate
immigrans_group	DMEL_CRE_00007	comparison_mixed	dimm	TEMP	no_detected_CRE	dfor|dsul|dnas	TROP	mixed	no_detected_CRE	no_detected_CRE	no_detected_CRE	turnover_candidate
immigrans_group	DMEL_CRE_00009	comparison_mixed	dimm	TEMP	present	dfor|dsul|dnas	TROP	mixed	present	present	uncertain	present
immigrans_group	DMEL_CRE_00013	comparison_mixed	dimm	TEMP	uncertain	dfor|dsul|dnas	TROP	mixed	uncertain	turnover_candidate	uncertain	uncertain
immigrans_group	DMEL_CRE_00018	comparison_mixed	dimm	TEMP	uncertain	dfor|dsul|dnas	TROP	mixed	uncertain	uncertain	present	present
immigrans_group	DMEL_CRE_00023	comparison_mixed	dimm	TEMP	no_detected_CRE	dfor|dsul|dnas	TROP	mixed	no_detected_CRE	no_detected_CRE	present	no_detected_CRE
immigrans_group	DMEL_CRE_00026	comparison_mixed	dimm	TEMP	uncertain	dfor|dsul|dnas	TROP	mixed	uncertain	no_detected_CRE	turnover_candidate	turnover_candidate
immigrans_group	DMEL_CRE_00027	comparison_mixed	dimm	TEMP	turnover_candidate	dfor|dsul|dnas	TROP	mixed	turnover_candidate	turnover_candidate	no_detected_CRE	no_detected_CRE
immigrans_group	DMEL_CRE_00031	comparison_mixed	dimm	TEMP	no_detected_CRE	dfor|dsul|dnas	TROP	mixed	no_detected_CRE	turnover_candidate	uncertain	turnover_candidate
immigrans_group	DMEL_CRE_00033	comparison_mixed	dimm	TEMP	uncertain	dfor|dsul|dnas	TROP	mixed	uncertain	uncertain	no_detected_CRE	uncertain
immigrans_group	DMEL_CRE_00048	comparison_mixed	dimm	TEMP	uncertain	dfor|dsul|dnas	TROP	mixed	uncertain	uncertain	no_detected_CRE	no_detected_CRE
immigrans_group	DMEL_CRE_00049	comparison_mixed	dimm	TEMP	uncertain	dfor|dsul|dnas	TROP	mixed	uncertain	uncertain	no_detected_CRE	uncertain
immigrans_group	DMEL_CRE_00062	comparison_mixed	dimm	TEMP	no_detected_CRE	dfor|dsul|dnas	TROP	mixed	no_detected_CRE	uncertain	uncertain	no_detected_CRE
immigrans_group	DMEL_CRE_00068	comparison_mixed	dimm	TEMP	turnover_candidate	dfor|dsul|dnas	TROP	mixed	turnover_candidate	uncertain	turnover_candidate	uncertain
immigrans_group	DMEL_CRE_00069	comparison_mixed	dimm	TEMP	turnover_candidate	dfor|dsul|dnas	TROP	mixed	turnover_candidate	turnover_candidate	turnover_candidate	no_detected_CRE
immigrans_group	DMEL_CRE_00073	comparison_mixed	dimm	TEMP	uncertain	dfor|dsul|dnas	TROP	mixed	uncertain	uncertain	no_detected_CRE	no_detected_CRE
immigrans_group	DMEL_CRE_00075	comparison_mixed	dimm	TEMP	uncertain	dfor|dsul|dnas	TROP	mixed	uncertain	no_detected_CRE	uncertain	uncertain
immigrans_group	DMEL_CRE_00080	comparison_mixed	dimm	TEMP	turnover_candidate	dfor|dsul|dnas	TROP	mixed	turnover_candidate	turnover_candidate	turnover_candidate	present
immigrans_group	DMEL_CRE_00085	comparison_mixed	dimm	TEMP	present	dfor|dsul|dnas	TROP	mixed	present	no_detected_CRE	uncertain	uncertain
immigrans_group	DMEL_CRE_00093	comparison_mixed	dimm	TEMP	uncertain	dfor|dsul|dnas	TROP	mixed	uncertain	uncertain	turnover_candidate	uncertain
immigrans_group	DMEL_CRE_00094	comparison_mixed	dimm	TEMP	no_detected_CRE	dfor|dsul|dnas	TROP	mixed	no_detected_CRE	present	turnover_candidate	turnover_candidate
immigrans_group	DMEL_CRE_00100	comparison_mixed	dimm	TEMP	uncertain	dfor|dsul|dnas	TROP	mixed	uncertain	uncertain	no_detected_CRE	uncertain
immigrans_group	DMEL_CRE_00102	comparison_mixed	dimm	TEMP	no_detected_CRE	dfor|dsul|dnas	TROP	mixed	no_detected_CRE	no_detected_CRE	turnover_candidate	turnover_candidate
immigrans_group	DMEL_CRE_00113	comparison_mixed	dimm	TEMP	no_detected_CRE	dfor|dsul|dnas	TROP	mixed	no_detected_CRE	turnover_candidate	turnover_candidate	no_detected_CRE
immigrans_group	DMEL_CRE_00114	comparison_mixed	dimm	TEMP	no_detected_CRE	dfor|dsul|dnas	TROP	mixed	no_detected_CRE	uncertain	no_detected_CRE	no_detected_CRE
immigrans_group	DMEL_CRE_00117	comparison_mixed	dimm	TEMP	no_detected_CRE	dfor|dsul|dnas	TROP	mixed	no_detected_CRE	no_detected_CRE	uncertain	uncertain
immigrans_group	DMEL_CRE_00121	comparison_mixed	dimm	TEMP	turnover_candidate	dfor|dsul|dnas	TROP	mixed	turnover_candidate	turnover_candidate	uncertain	turnover_candidate
immigrans_group	DMEL_CRE_00122	comparison_mixed	dimm	TEMP	present	dfor|dsul|dnas	TROP	mixed	present	no_detected_CRE	turnover_candidate	uncertain
immigrans_group	DMEL_CRE_00130	comparison_mixed	dimm	TEMP	uncertain	dfor|dsul|dnas	TROP	mixed	uncertain	uncertain	uncertain	present
immigrans_group	DMEL_CRE_00136	comparison_mixed	dimm	TEMP	uncertain	dfor|dsul|dnas	TROP	mixed	uncertain	no_detected_CRE	no_detected_CRE	uncertain
immigrans_group	DMEL_CRE_00138	comparison_mixed	dimm	TEMP	no_detected_CRE	dfor|dsul|dnas	TROP	mixed	no_detected_CRE	present	no_detected_CRE	no_detected_CRE
immigrans_group	DMEL_CRE_00140	comparison_mixed	dimm	TEMP	no_detected_CRE	dfor|dsul|dnas	TROP	mixed	no_detected_CRE	no_detected_CRE	no_detected_CRE	uncertain
immigrans_group	DMEL_CRE_00143	comparison_mixed	dimm	TEMP	no_detected_CRE	dfor|dsul|dnas	TROP	mixed	no_detected_CRE	no_detected_CRE	turnover_candidate	turnover_candidate
immigrans_group	DMEL_CRE_00148	comparison_mixed	dimm	TEMP	no_detected_CRE	dfor|dsul|dnas	TROP	mixed	no_detected_CRE	turnover_candidate	turnover_candidate	present
immigrans_group	DMEL_CRE_00151	comparison_mixed	dimm	TEMP	turnover_candidate	dfor|dsul|dnas	TROP	mixed	turnover_candidate	present	uncertain	uncertain
immigrans_group	DMEL_CRE_00152	comparison_mixed	dimm	TEMP	turnover_candidate	dfor|dsul|dnas	TROP	mixed	turnover_candidate	turnover_candidate	uncertain	uncertain
immigrans_group	DMEL_CRE_00154	comparison_mixed	dimm	TEMP	uncertain	dfor|dsul|dnas	TROP	mixed	uncertain	uncertain	no_detected_CRE	present
immigrans_group	DMEL_CRE_00157	comparison_mixed	dimm	TEMP	present	dfor|dsul|dnas	TROP	mixed	present	present	present	no_detected_CRE
immigrans_group	DMEL_CRE_00158	comparison_mixed	dimm	TEMP	turnover_candidate	dfor|dsul|dnas	TROP	mixed	turnover_candidate	no_detected_CRE	turnover_candidate	no_detected_CRE
immigrans_group	DMEL_CRE_00162	comparison_mixed	dimm	TEMP	turnover_candidate	dfor|dsul|dnas	TROP	mixed	turnover_candidate	present	no_detected_CRE	no_detected_CRE
immigrans_group	DMEL_CRE_00164	comparison_mixed	dimm	TEMP	turnover_candidate	dfor|dsul|dnas	TROP	mixed	turnover_candidate	turnover_candidate	no_detected_CRE	no_detected_CRE
immigrans_group	DMEL_CRE_00165	comparison_mixed	dimm	TEMP	turnover_candidate	dfor|dsul|dnas	TROP	mixed	turnover_candidate	turnover_candidate	uncertain	uncertain
immigrans_group	DMEL_CRE_00167	comparison_mixed	dimm	TEMP	turnover_candidate	dfor|dsul|dnas	TROP	mixed	turnover_candidate	turnover_candidate	no_detected_CRE	turnover_candidate
immigrans_group	DMEL_CRE_00172	comparison_mixed	dimm	TEMP	uncertain	dfor|dsul|dnas	TROP	mixed	uncertain	uncertain	uncertain	no_detected_CRE
immigrans_group	DMEL_CRE_00175	comparison_mixed	dimm	TEMP	uncertain	dfor|dsul|dnas	TROP	mixed	uncertain	no_detected_CRE	turnover_candidate	turnover_candidate
immigrans_group	DMEL_CRE_00178	comparison_mixed	dimm	TEMP	no_detected_CRE	dfor|dsul|dnas	TROP	mixed	no_detected_CRE	uncertain	no_detected_CRE	no_detected_CRE
immigrans_group	DMEL_CRE_00180	comparison_mixed	dimm	TEMP	no_detected_CRE	dfor|dsul|dnas	TROP	mixed	no_detected_CRE	no_detected_CRE	uncertain	uncertain
immigrans_group	DMEL_CRE_00183	comparison_mixed	dimm	TEMP	no_detected_CRE	dfor|dsul|dnas	TROP	mixed	no_detected_CRE	no_detected_CRE	uncertain	no_detected_CRE
immigrans_group	DMEL_CRE_00185	comparison_mixed	dimm	TEMP	uncertain	dfor|dsul|dnas	TROP	mixed	uncertain	uncertain	uncertain	no_detected_CRE
immigrans_group	DMEL_CRE_00186	comparison_mixed	dimm	TEMP	present	dfor|dsul|dnas	TROP	mixed	present	turnover_candidate	present	present
immigrans_group	DMEL_CRE_00197	comparison_mixed	dimm	TEMP	turnover_candidate	dfor|dsul|dnas	TROP	mixed	turnover_candidate	no_detected_CRE	turnover_candidate	turnover_candidate
immigrans_group	DMEL_CRE_00206	comparison_mixed	dimm	TEMP	no_detected_CRE	dfor|dsul|dnas	TROP	mixed	no_detected_CRE	no_detected_CRE	no_detected_CRE	turnover_candidate
immigrans_group	DMEL_CRE_00208	comparison_mixed	dimm	TEMP	uncertain	dfor|dsul|dnas	TROP	mixed	uncertain	uncertain	no_detected_CRE	no_detected_CRE
immigrans_group	DMEL_CRE_00215	comparison_mixed	dimm	TEMP	present	dfor|dsul|dnas	TROP	mixed	present	present	turnover_candidate	turnover_candidate
immigrans_group	DMEL_CRE_00216	comparison_mixed	dimm	TEMP	uncertain	dfor|dsul|dnas	TROP	mixed	uncertain	uncertain	no_detected_CRE	no_detected_CRE
immigrans_group	DMEL_CRE_00220	comparison_mixed	dimm	TEMP	no_detected_CRE	dfor|dsul|dnas	TROP	mixed	no_detected_CRE	uncertain	no_detected_CRE	no_detected_CRE
immigrans_group	DMEL_CRE_00226	comparison_mixed	dimm	TEMP	no_detected_CRE	dfor|dsul|dnas	TROP	mixed	no_detected_CRE	no_detected_CRE	turnover_candidate	turnover_candidate
immigrans_group	DMEL_CRE_00227	comparison_mixed	dimm	TEMP	no_detected_CRE	dfor|dsul|dnas	TROP	mixed	no_detected_CRE	no_detected_CRE	turnover_candidate	no_detected_CRE
immigrans_group	DMEL_CRE_00228	comparison_mixed	dimm	TEMP	no_detected_CRE	dfor|dsul|dnas	TROP	mixed	no_detected_CRE	no_detected_CRE	turnover_candidate	no_detected_CRE
immigrans_group	DMEL_CRE_00230	comparison_mixed	dimm	TEMP	no_detected_CRE	dfor|dsul|dnas	TROP	mixed	no_detected_CRE	turnover_candidate	no_detected_CRE	present
immigrans_group	DMEL_CRE_00232	comparison_mixed	dimm	TEMP	no_detected_CRE	dfor|dsul|dnas	TROP	mixed	no_detected_CRE	no_detected_CRE	uncertain	no_detected_CRE
immigrans_group	DMEL_CRE_00233	comparison_mixed	dimm	TEMP	no_detected_CRE	dfor|dsul|dnas	TROP	mixed	no_detected_CRE	no_detected_CRE	present	present
immigrans_group	DMEL_CRE_00241	comparison_mixed	dimm	TEMP	turnover_candidate	dfor|dsul|dnas	TROP	mixed	turnover_candidate	turnover_candidate	no_detected_CRE	no_detected_CRE
immigrans_group	DMEL_CRE_00244	comparison_mixed	dimm	TEMP	uncertain	dfor|dsul|dnas	TROP	mixed	uncertain	uncertain	no_detected_CRE	no_detected_CRE
immigrans_group	DMEL_CRE_00252	comparison_mixed	dimm	TEMP	no_detected_CRE	dfor|dsul|dnas	TROP	mixed	no_detected_CRE	turnover_candidate	no_detected_CRE	turnover_candidate
immigrans_group	DMEL_CRE_00255	comparison_mixed	dimm	TEMP	no_detected_CRE	dfor|dsul|dnas	TROP	mixed	no_detected_CRE	turnover_candidate	no_detected_CRE	no_detected_CRE
immigrans_group	DMEL_CRE_00258	comparison_mixed	dimm	TEMP	no_detected_CRE	dfor|dsul|dnas	TROP	mixed	no_detected_CRE	no_detected_CRE	no_detected_CRE	uncertain
immigrans_group	DMEL_CRE_00262	comparison_mixed	dimm	TEMP	uncertain	dfor|dsul|dnas	TROP	mixed	uncertain	uncertain	uncertain	no_detected_CRE
immigrans_group	DMEL_CRE_00269	comparison_mixed	dimm	TEMP	no_detected_CRE	dfor|dsul|dnas	TROP	mixed	no_detected_CRE	no_detected_CRE	turnover_candidate	turnover_candidate
immigrans_group	DMEL_CRE_00273	comparison_mixed	dimm	TEMP	turnover_candidate	dfor|dsul|dnas	TROP	mixed	turnover_candidate	turnover_candidate	no_detected_CRE	no_detected_CRE
immigrans_group	DMEL_CRE_00279	comparison_mixed	dimm	TEMP	no_detected_CRE	dfor|dsul|dnas	TROP	mixed	no_detected_CRE	turnover_candidate	turnover_candidate	no_detected_CRE
immigrans_group	DMEL_CRE_00288	comparison_mixed	dimm	TEMP	uncertain	dfor|dsul|dnas	TROP	mixed	uncertain	no_detected_CRE	uncertain	uncertain
immigrans_group	DMEL_CRE_00289	comparison_mixed	dimm	TEMP	uncertain	dfor|dsul|dnas	TROP	mixed	uncertain	uncertain	turnover_candidate	uncertain
immigrans_group	DMEL_CRE_00292	comparison_mixed	dimm	TEMP	turnover_candidate	dfor|dsul|dnas	TROP	mixed	turnover_candidate	present	turnover_candidate	no_detected_CRE
immigrans_group	DMEL_CRE_00295	comparison_mixed	dimm	TEMP	present	dfor|dsul|dnas	TROP	mixed	present	present	present	no_detected_CRE
immigrans_group	DMEL_CRE_00300	comparison_mixed	dimm	TEMP	no_detected_CRE	dfor|dsul|dnas	TROP	mixed	no_detected_CRE	no_detected_CRE	turnover_candidate	no_detected_CRE
immigrans_group	DMEL_CRE_00302	comparison_mixed	dimm	TEMP	present	dfor|dsul|dnas	TROP	mixed	present	uncertain	uncertain	no_detected_CRE
immigrans_group	DMEL_CRE_00304	comparison_mixed	dimm	TEMP	turnover_candidate	dfor|dsul|dnas	TROP	mixed	turnover_candidate	turnover_candidate	turnover_candidate	no_detected_CRE
immigrans_group	DMEL_CRE_00305	comparison_mixed	dimm	TEMP	uncertain	dfor|dsul|dnas	TROP	mixed	uncertain	uncertain	uncertain	no_detected_CRE
immigrans_group	DMEL_CRE_00313	comparison_mixed	dimm	TEMP	no_detected_CRE	dfor|dsul|dnas	TROP	mixed	no_detected_CRE	no_detected_CRE	no_detected_CRE	turnover_candidate
immigrans_group	DMEL_CRE_00314	comparison_mixed	dimm	TEMP	no_detected_CRE	dfor|dsul|dnas	TROP	mixed	no_detected_CRE	no_detected_CRE	no_detected_CRE	uncertain
immigrans_group	DMEL_CRE_00315	comparison_mixed	dimm	TEMP	uncertain	dfor|dsul|dnas	TROP	mixed	uncertain	uncertain	uncertain	no_detected_CRE
immigrans_group	DMEL_CRE_00319	comparison_mixed	dimm	TEMP	present	dfor|dsul|dnas	TROP	mixed	present	present	present	no_detected_CRE
immigrans_group	DMEL_CRE_00322	comparison_mixed	dimm	TEMP	uncertain	dfor|dsul|dnas	TROP	mixed	uncertain	uncertain	no_detected_CRE	uncertain
immigrans_group	DMEL_CRE_00329	comparison_mixed	dimm	TEMP	turnover_candidate	dfor|dsul|dnas	TROP	mixed	turnover_candidate	turnover_candidate	no_detected_CRE	no_detected_CRE
immigrans_group	DMEL_CRE_00331	comparison_mixed	dimm	TEMP	present	dfor|dsul|dnas	TROP	mixed	present	present	turnover_candidate	turnover_candidate
immigrans_group	DMEL_CRE_00332	comparison_mixed	dimm	TEMP	turnover_candidate	dfor|dsul|dnas	TROP	mixed	turnover_candidate	turnover_candidate	uncertain	no_detected_CRE
immigrans_group	DMEL_CRE_00335	comparison_mixed	dimm	TEMP	turnover_candidate	dfor|dsul|dnas	TROP	mixed	turnover_candidate	turnover_candidate	turnover_candidate	uncertain
immigrans_group	DMEL_CRE_00337	comparison_mixed	dimm	TEMP	no_detected_CRE	dfor|dsul|dnas	TROP	mixed	no_detected_CRE	no_detected_CRE	no_detected_CRE	turnover_candidate
