group_name	dmel_cre_id	category	focal_species	focal_climate	focal_state	comparison_species	comparison_climate	comparison_consensus_state	d_repleta	d_buzzatii	d_mojavensis	d_arizonae
repleta_group	DMEL_CRE_00001	all_same	d_repleta	TEMP	uncertain	d_buzzatii|d_mojavensis|d_arizonae	ARID	uncertain	uncertain	uncertain	uncertain	uncertain
repleta_group	DMEL_CRE_00002	all_same	d_repleta	TEMP	uncertain	d_buzzatii|d_mojavensis|d_arizonae	ARID	uncertain	uncertain	uncertain	uncertain	uncertain
repleta_group	DMEL_CRE_00003	all_same	d_repleta	TEMP	uncertain	d_buzzatii|d_mojavensis|d_arizonae	ARID	uncertain	uncertain	uncertain	uncertain	uncertain
repleta_group	DMEL_CRE_00004	all_same	d_repleta	TEMP	uncertain	d_buzzatii|d_mojavensis|d_arizonae	ARID	uncertain	uncertain	uncertain	uncertain	uncertain
repleta_group	DMEL_CRE_00005	comparison_mixed	d_repleta	TEMP	no_detected_CRE	d_buzzatii|d_mojavensis|d_arizonae	ARID	mixed	no_detected_CRE	turnover_candidate	uncertain	uncertain
repleta_group	DMEL_CRE_00006	comparison_mixed	d_repleta	TEMP	no_detected_CRE	d_buzzatii|d_mojavensis|d_arizonae	ARID	mixed	no_detected_CRE	no_detected_CRE	turnover_candidate	no_detected_CRE
repleta_group	DMEL_CRE_00007	comparison_mixed	d_repleta	TEMP	no_detected_CRE	d_buzzatii|d_mojavensis|d_arizonae	ARID	mixed	no_detected_CRE	uncertain	turnover_candidate	no_detected_CRE
repleta_group	DMEL_CRE_00008	all_same	d_repleta	TEMP	uncertain	d_buzzatii|d_mojavensis|d_arizonae	ARID	uncertain	uncertain	uncertain	uncertain	uncertain
repleta_group	DMEL_CRE_00009	comparison_mixed	d_repleta	TEMP	uncertain	d_buzzatii|d_mojavensis|d_arizonae	ARID	mixed	uncertain	present	uncertain	uncertain
repleta_group	DMEL_CRE_00010	all_same	d_repleta	TEMP	uncertain	d_buzzatii|d_mojavensis|d_arizonae	ARID	uncertain	uncertain	uncertain	uncertain	uncertain
repleta_group	DMEL_CRE_00011	tier3	d_repleta	TEMP	turnover_candidate	d_buzzatii|d_mojavensis|d_arizonae	ARID	uncertain	turnover_candidate	uncertain	uncertain	uncertain
repleta_group	DMEL_CRE_00012	all_same	d_repleta	TEMP	uncertain	d_buzzatii|d_mojavensis|d_arizonae	ARID	uncertain	uncertain	uncertain	uncertain	uncertain
repleta_group	DMEL_CRE_00013	all_same	d_repleta	TEMP	uncertain	d_buzzatii|d_mojavensis|d_arizonae	ARID	uncertain	uncertain	uncertain	uncertain	uncertain
repleta_group	DMEL_CRE_00014	all_same	d_repleta	TEMP	uncertain	d_buzzatii|d_mojavensis|d_arizonae	ARID	uncertain	uncertain	uncertain	uncertain	uncertain
repleta_group	DMEL_CRE_00015	comparison_mixed	d_repleta	TEMP	uncertain	d_buzzatii|d_mojavensis|d_arizonae	ARID	mixed	uncertain	uncertain	no_detected_CRE	present
repleta_group	DMEL_CRE_00016	all_same	d_repleta	TEMP	uncertain	d_buzzatii|d_mojavensis|d_arizonae	ARID	uncertain	uncertain	uncertain	uncertain	uncertain
repleta_group	DMEL_CRE_00017	all_same	d_repleta	TEMP	uncertain	d_buzzatii|d_mojavensis|d_arizonae	ARID	uncertain	uncertain	uncertain	uncertain	uncertain
repleta_group	DMEL_CRE_00018	all_same	d_repleta	TEMP	uncertain	d_buzzatii|d_mojavensis|d_arizonae	ARID	uncertain	uncertain	uncertain	uncertain	uncertain
repleta_group	DMEL_CRE_00019	all_same	d_repleta	TEMP	uncertain	d_buzzatii|d_mojavensis|d_arizonae	ARID	uncertain	uncertain	uncertain	uncertain	uncertain
repleta_group	DMEL_CRE_00020	all_same	d_repleta	TEMP	uncertain	d_buzzatii|d_mojavensis|d_arizonae	ARID	uncertain	uncertain	uncertain	uncertain	uncertain
repleta_group	DMEL_CRE_00021	all_same	d_repleta	TEMP	uncertain	d_buzzatii|d_mojavensis|d_arizonae	ARID	uncertain	uncertain	uncertain	uncertain	uncertain
repleta_group	DMEL_CRE_00022	comparison_mixed	d_repleta	TEMP	no_detected_CRE	d_buzzatii|d_mojavensis|d_arizonae	ARID	mixed	no_detected_CRE	present	no_detected_CRE	no_detected_CRE
repleta_group	DMEL_CRE_00023	all_same	d_repleta	TEMP	no_detected_CRE	d_buzzatii|d_mojavensis|d_arizonae	ARID	no_detected_CRE	no_detected_CRE	no_detected_CRE	no_detected_CRE	no_detected_CRE
repleta_group	DMEL_CRE_00024	tier3	d_repleta	TEMP	no_detected_CRE	d_buzzatii|d_mojavensis|d_arizonae	ARID	uncertain	no_detected_CRE	uncertain	uncertain	uncertain
repleta_group	DMEL_CRE_00025	all_same	d_repleta	TEMP	uncertain	d_buzzatii|d_mojavensis|d_arizonae	ARID	uncertain	uncertain	uncertain	uncertain	uncertain
repleta_group	DMEL_CRE_00026	comparison_mixed	d_repleta	TEMP	turnover_candidate	d_buzzatii|d_mojavensis|d_arizonae	ARID	mixed	turnover_candidate	no_detected_CRE	no_detected_CRE	uncertain
repleta_group	DMEL_CRE_00027	comparison_mixed	d_repleta	TEMP	no_detected_CRE	d_buzzatii|d_mojavensis|d_arizonae	ARID	mixed	no_detected_CRE	turnover_candidate	turnover_candidate	no_detected_CRE
repleta_group	DMEL_CRE_00028	all_same	d_repleta	TEMP	uncertain	d_buzzatii|d_mojavensis|d_arizonae	ARID	uncertain	uncertain	uncertain	uncertain	uncertain
repleta_group	DMEL_CRE_00029	all_same	d_repleta	TEMP	uncertain	d_buzzatii|d_mojavensis|d_arizonae	ARID	uncertain	uncertain	uncertain	uncertain	uncertain
repleta_group	DMEL_CRE_00030	comparison_mixed	d_repleta	TEMP	turnover_candidate	d_buzzatii|d_mojavensis|d_arizonae	ARID	mixed	turnover_candidate	no_detected_CRE	turnover_candidate	turnover_candidate
repleta_group	DMEL_CRE_00031	tier3	d_repleta	TEMP	turnover_candidate	d_buzzatii|d_mojavensis|d_arizonae	ARID	uncertain	turnover_candidate	uncertain	uncertain	uncertain
repleta_group	DMEL_CRE_00032	all_same	d_repleta	TEMP	uncertain	d_buzzatii|d_mojavensis|d_arizonae	ARID	uncertain	uncertain	uncertain	uncertain	uncertain
repleta_group	DMEL_CRE_00033	comparison_mixed	d_repleta	TEMP	no_detected_CRE	d_buzzatii|d_mojavensis|d_arizonae	ARID	mixed	no_detected_CRE	no_detected_CRE	uncertain	uncertain
repleta_group	DMEL_CRE_00034	all_same	d_repleta	TEMP	uncertain	d_buzzatii|d_mojavensis|d_arizonae	ARID	uncertain	uncertain	uncertain	uncertain	uncertain
repleta_group	DMEL_CRE_00035	all_same	d_repleta	TEMP	uncertain	d_buzzatii|d_mojavensis|d_arizonae	ARID	uncertain	uncertain	uncertain	uncertain	uncertain
repleta_group	DMEL_CRE_00036	all_same	d_repleta	TEMP	uncertain	d_buzzatii|d_mojavensis|d_arizonae	ARID	uncertain	uncertain	uncertain	uncertain	uncertain
repleta_group	DMEL_CRE_00037	all_same	d_repleta	TEMP	uncertain	d_buzzatii|d_mojavensis|d_arizonae	ARID	uncertain	uncertain	uncertain	uncertain	uncertain
repleta_group	DMEL_CRE_00038	all_same	d_repleta	TEMP	uncertain	d_buzzatii|d_mojavensis|d_arizonae	ARID	uncertain	uncertain	uncertain	uncertain	uncertain
repleta_group	DMEL_CRE_00039	all_same	d_repleta	TEMP	no_detected_CRE	d_buzzatii|d_mojavensis|d_arizonae	ARID	no_detected_CRE	no_detected_CRE	no_detected_CRE	no_detected_CRE	no_detected_CRE
repleta_group	DMEL_CRE_00040	comparison_mixed	d_repleta	TEMP	no_detected_CRE	d_buzzatii|d_mojavensis|d_arizonae	ARID	mixed	no_detected_CRE	uncertain	no_detected_CRE	uncertain
repleta_group	DMEL_CRE_00041	all_same	d_repleta	TEMP	no_detected_CRE	d_buzzatii|d_mojavensis|d_arizonae	ARID	no_detected_CRE	no_detected_CRE	no_detected_CRE	no_detected_CRE	no_detected_CRE
repleta_group	DMEL_CRE_00042	comparison_mixed	d_repleta	TEMP	turnover_candidate	d_buzzatii|d_mojavensis|d_arizonae	ARID	mixed	turnover_candidate	turnover_candidate	turnover_candidate	no_detected_CRE
repleta_group	DMEL_CRE_00043	comparison_mixed	d_repleta	TEMP	uncertain	d_buzzatii|d_mojavensis|d_arizonae	ARID	mixed	uncertain	no_detected_CRE	uncertain	uncertain
repleta_group	DMEL_CRE_00044	comparison_mixed	d_repleta	TEMP	turnover_candidate	d_buzzatii|d_mojavensis|d_arizonae	ARID	mixed	turnover_candidate	uncertain	present	uncertain
repleta_group	DMEL_CRE_00045	all_same	d_repleta	TEMP	uncertain	d_buzzatii|d_mojavensis|d_arizonae	ARID	uncertain	uncertain	uncertain	uncertain	uncertain
repleta_group	DMEL_CRE_00046	all_same	d_repleta	TEMP	uncertain	d_buzzatii|d_mojavensis|d_arizonae	ARID	uncertain	uncertain	uncertain	uncertain	uncertain
repleta_group	DMEL_CRE_00047	all_same	d_repleta	TEMP	uncertain	d_buzzatii|d_mojavensis|d_arizonae	ARID	uncertain	uncertain	uncertain	uncertain	uncertain
repleta_group	DMEL_CRE_00048	all_same	d_repleta	TEMP	uncertain	d_buzzatii|d_mojavensis|d_arizonae	ARID	uncertain	uncertain	uncertain	uncertain	uncertain
repleta_group	DMEL_CRE_00049	all_same	d_repleta	TEMP	uncertain	d_buzzatii|d_mojavensis|d_arizonae	ARID	uncertain	uncertain	uncertain	uncertain	uncertain
repleta_group	DMEL_CRE_00050	tier2	d_repleta	TEMP	no_detected_CRE	d_buzzatii|d_mojavensis|d_arizonae	ARID	turnover_candidate	no_detected_CRE	turnover_candidate	turnover_candidate	turnover_candidate
repleta_group	DMEL_CRE_00051	all_same	d_repleta	TEMP	turnover_candidate	d_buzzatii|d_mojavensis|d_arizonae	ARID	turnover_candidate	turnover_candidate	turnover_candidate	turnover_candidate	turnover_candidate
repleta_group	DMEL_CRE_00052	all_same	d_repleta	TEMP	turnover_candidate	d_buzzatii|d_mojavensis|d_arizonae	ARID	turnover_candidate	turnover_candidate	turnover_candidate	turnover_candidate	turnover_candidate
repleta_group	DMEL_CRE_00053	comparison_mixed	d_repleta	TEMP	present	d_buzzatii|d_mojavensis|d_arizonae	ARID	mixed	present	turnover_candidate	present	turnover_candidate
repleta_group	DMEL_CRE_00054	all_same	d_repleta	TEMP	turnover_candidate	d_buzzatii|d_mojavensis|d_arizonae	ARID	turnover_candidate	turnover_candidate	turnover_candidate	turnover_candidate	turnover_candidate
repleta_group	DMEL_CRE_00055	tier3	d_repleta	TEMP	uncertain	d_buzzatii|d_mojavensis|d_arizonae	ARID	turnover_candidate	uncertain	turnover_candidate	turnover_candidate	turnover_candidate
repleta_group	DMEL_CRE_00056	all_same	d_repleta	TEMP	uncertain	d_buzzatii|d_mojavensis|d_arizonae	ARID	uncertain	uncertain	uncertain	uncertain	uncertain
repleta_group	DMEL_CRE_00057	comparison_mixed	d_repleta	TEMP	uncertain	d_buzzatii|d_mojavensis|d_arizonae	ARID	mixed	uncertain	uncertain	uncertain	no_detected_CRE
repleta_group	DMEL_CRE_00058	all_same	d_repleta	TEMP	uncertain	d_buzzatii|d_mojavensis|d_arizonae	ARID	uncertain	uncertain	uncertain	uncertain	uncertain
repleta_group	DMEL_CRE_00059	all_same	d_repleta	TEMP	uncertain	d_buzzatii|d_mojavensis|d_arizonae	ARID	uncertain	uncertain	uncertain	uncertain	uncertain
repleta_group	DMEL_CRE_00060	all_same	d_repleta	TEMP	uncertain	d_buzzatii|d_mojavensis|d_arizonae	ARID	uncertain	uncertain	uncertain	uncertain	uncertain
repleta_group	DMEL_CRE_00061	all_same	d_repleta	TEMP	no_detected_CRE	d_buzzatii|d_mojavensis|d_arizonae	ARID	no_detected_CRE	no_detected_CRE	no_detected_CRE	no_detected_CRE	no_detected_CRE
repleta_group	DMEL_CRE_00062	all_same	d_repleta	TEMP	no_detected_CRE	d_buzzatii|d_mojavensis|d_arizonae	ARID	no_detected_CRE	no_detected_CRE	no_detected_CRE	no_detected_CRE	no_detected_CRE
repleta_group	DMEL_CRE_00063	comparison_mixed	d_repleta	TEMP	uncertain	d_buzzatii|d_mojavensis|d_arizonae	ARID	mixed	uncertain	no_detected_CRE	no_detected_CRE	present
repleta_group	DMEL_CRE_00064	all_same	d_repleta	TEMP	uncertain	d_buzzatii|d_mojavensis|d_arizonae	ARID	uncertain	uncertain	uncertain	uncertain	uncertain
repleta_group	DMEL_CRE_00065	all_same	d_repleta	TEMP	uncertain	d_buzzatii|d_mojavensis|d_arizonae	ARID	uncertain	uncertain	uncertain	uncertain	uncertain
repleta_group	DMEL_CRE_00066	all_same	d_repleta	TEMP	uncertain	d_buzzatii|d_mojavensis|d_arizonae	ARID	uncertain	uncertain	uncertain	uncertain	uncertain
repleta_group	DMEL_CRE_00067	all_same	d_repleta	TEMP	no_detected_CRE	d_buzzatii|d_mojavensis|d_arizonae	ARID	no_detected_CRE	no_detected_CRE	no_detected_CRE	no_detected_CRE	no_detected_CRE
repleta_group	DMEL_CRE_00068	all_same	d_repleta	TEMP	uncertain	d_buzzatii|d_mojavensis|d_arizonae	ARID	uncertain	uncertain	uncertain	uncertain	uncertain
repleta_group	DMEL_CRE_00069	comparison_mixed	d_repleta	TEMP	no_detected_CRE	d_buzzatii|d_mojavensis|d_arizonae	ARID	mixed	no_detected_CRE	no_detected_CRE	no_detected_CRE	uncertain
repleta_group	DMEL_CRE_00070	all_same	d_repleta	TEMP	uncertain	d_buzzatii|d_mojavensis|d_arizonae	ARID	uncertain	uncertain	uncertain	uncertain	uncertain
repleta_group	DMEL_CRE_00071	all_same	d_repleta	TEMP	no_detected_CRE	d_buzzatii|d_mojavensis|d_arizonae	ARID	no_detected_CRE	no_detected_CRE	no_detected_CRE	no_detected_CRE	no_detected_CRE
repleta_group	DMEL_CRE_00072	all_same	d_repleta	TEMP	uncertain	d_buzzatii|d_mojavensis|d_arizonae	ARID	uncertain	uncertain	uncertain	uncertain	uncertain
repleta_group	DMEL_CRE_00073	comparison_mixed	d_repleta	TEMP	turnover_candidate	d_buzzatii|d_mojavensis|d_arizonae	ARID	mixed	turnover_candidate	uncertain	no_detected_CRE	no_detected_CRE
repleta_group	DMEL_CRE_00074	all_same	d_repleta	TEMP	uncertain	d_buzzatii|d_mojavensis|d_arizonae	ARID	uncertain	uncertain	uncertain	uncertain	uncertain
repleta_group	DMEL_CRE_00075	tier3	d_repleta	TEMP	no_detected_CRE	d_buzzatii|d_mojavensis|d_arizonae	ARID	uncertain	no_detected_CRE	uncertain	uncertain	uncertain
repleta_group	DMEL_CRE_00076	all_same	d_repleta	TEMP	uncertain	d_buzzatii|d_mojavensis|d_arizonae	ARID	uncertain	uncertain	uncertain	uncertain	uncertain
repleta_group	DMEL_CRE_00077	comparison_mixed	d_repleta	TEMP	turnover_candidate	d_buzzatii|d_mojavensis|d_arizonae	ARID	mixed	turnover_candidate	uncertain	turnover_candidate	turnover_candidate
repleta_group	DMEL_CRE_00078	all_same	d_repleta	TEMP	turnover_candidate	d_buzzatii|d_mojavensis|d_arizonae	ARID	turnover_candidate	turnover_candidate	turnover_candidate	turnover_candidate	turnover_candidate
repleta_group	DMEL_CRE_00079	all_same	d_repleta	TEMP	uncertain	d_buzzatii|d_mojavensis|d_arizonae	ARID	uncertain	uncertain	uncertain	uncertain	uncertain
repleta_group	DMEL_CRE_00080	comparison_mixed	d_repleta	TEMP	turnover_candidate	d_buzzatii|d_mojavensis|d_arizonae	ARID	mixed	turnover_candidate	present	turnover_candidate	present
repleta_group	DMEL_CRE_00081	all_same	d_repleta	TEMP	uncertain	d_buzzatii|d_mojavensis|d_arizonae	ARID	uncertain	uncertain	uncertain	uncertain	uncertain
repleta_group	DMEL_CRE_00082	comparison_mixed	d_repleta	TEMP	uncertain	d_buzzatii|d_mojavensis|d_arizonae	ARID	mixed	uncertain	uncertain	turnover_candidate	uncertain
repleta_group	DMEL_CRE_00083	all_same	d_repleta	TEMP	uncertain	d_buzzatii|d_mojavensis|d_arizonae	ARID	uncertain	uncertain	uncertain	uncertain	uncertain
repleta_group	DMEL_CRE_00084	all_same	d_repleta	TEMP	uncertain	d_buzzatii|d_mojavensis|d_arizonae	ARID	uncertain	uncertain	uncertain	uncertain	uncertain
repleta_group	DMEL_CRE_00085	tier3	d_repleta	TEMP	no_detected_CRE	d_buzzatii|d_mojavensis|d_arizonae	ARID	uncertain	no_detected_CRE	uncertain	uncertain	uncertain
repleta_group	DMEL_CRE_00086	all_same	d_repleta	TEMP	uncertain	d_buzzatii|d_mojavensis|d_arizonae	ARID	uncertain	uncertain	uncertain	uncertain	uncertain
repleta_group	DMEL_CRE_00087	tier3	d_repleta	TEMP	uncertain	d_buzzatii|d_mojavensis|d_arizonae	ARID	no_detected_CRE	uncertain	no_detected_CRE	no_detected_CRE	no_detected_CRE
repleta_group	DMEL_CRE_00088	all_same	d_repleta	TEMP	uncertain	d_buzzatii|d_mojavensis|d_arizonae	ARID	uncertain	uncertain	uncertain	uncertain	uncertain
repleta_group	DMEL_CRE_00089	all_same	d_repleta	TEMP	uncertain	d_buzzatii|d_mojavensis|d_arizonae	ARID	uncertain	uncertain	uncertain	uncertain	uncertain
repleta_group	DMEL_CRE_00090	all_same	d_repleta	TEMP	uncertain	d_buzzatii|d_mojavensis|d_arizonae	ARID	uncertain	uncertain	uncertain	uncertain	uncertain
repleta_group	DMEL_CRE_00091	all_same	d_repleta	TEMP	uncertain	d_buzzatii|d_mojavensis|d_arizonae	ARID	uncertain	uncertain	uncertain	uncertain	uncertain
repleta_group	DMEL_CRE_00092	comparison_mixed	d_repleta	TEMP	uncertain	d_buzzatii|d_mojavensis|d_arizonae	ARID	mixed	uncertain	uncertain	uncertain	no_detected_CRE
repleta_group	DMEL_CRE_00093	comparison_mixed	d_repleta	TEMP	present	d_buzzatii|d_mojavensis|d_arizonae	ARID	mixed	present	turnover_candidate	present	turnover_candidate
repleta_group	DMEL_CRE_00094	comparison_mixed	d_repleta	TEMP	present	d_buzzatii|d_mojavensis|d_arizonae	ARID	mixed	present	turnover_candidate	turnover_candidate	uncertain
repleta_group	DMEL_CRE_00095	comparison_mixed	d_repleta	TEMP	uncertain	d_buzzatii|d_mojavensis|d_arizonae	ARID	mixed	uncertain	uncertain	no_detected_CRE	uncertain
repleta_group	DMEL_CRE_00096	all_same	d_repleta	TEMP	uncertain	d_buzzatii|d_mojavensis|d_arizonae	ARID	uncertain	uncertain	uncertain	uncertain	uncertain
repleta_group	DMEL_CRE_00097	all_same	d_repleta	TEMP	uncertain	d_buzzatii|d_mojavensis|d_arizonae	ARID	uncertain	uncertain	uncertain	uncertain	uncertain
repleta_group	DMEL_CRE_00098	all_same	d_repleta	TEMP	no_detected_CRE	d_buzzatii|d_mojavensis|d_arizonae	ARID	no_detected_CRE	no_detected_CRE	no_detected_CRE	no_detected_CRE	no_detected_CRE
repleta_group	DMEL_CRE_00099	all_same	d_repleta	TEMP	uncertain	d_buzzatii|d_mojavensis|d_arizonae	ARID	uncertain	uncertain	uncertain	uncertain	uncertain
repleta_group	DMEL_CRE_00100	all_same	d_repleta	TEMP	uncertain	d_buzzatii|d_mojavensis|d_arizonae	ARID	uncertain	uncertain	uncertain	uncertain	uncertain
repleta_group	DMEL_CRE_00101	all_same	d_repleta	TEMP	uncertain	d_buzzatii|d_mojavensis|d_arizonae	ARID	uncertain	uncertain	uncertain	uncertain	uncertain
repleta_group	DMEL_CRE_00102	comparison_mixed	d_repleta	TEMP	no_detected_CRE	d_buzzatii|d_mojavensis|d_arizonae	ARID	mixed	no_detected_CRE	no_detected_CRE	no_detected_CRE	turnover_candidate
repleta_group	DMEL_CRE_00103	all_same	d_repleta	TEMP	uncertain	d_buzzatii|d_mojavensis|d_arizonae	ARID	uncertain	uncertain	uncertain	uncertain	uncertain
repleta_group	DMEL_CRE_00104	all_same	d_repleta	TEMP	uncertain	d_buzzatii|d_mojavensis|d_arizonae	ARID	uncertain	uncertain	uncertain	uncertain	uncertain
repleta_group	DMEL_CRE_00105	all_same	d_repleta	TEMP	uncertain	d_buzzatii|d_mojavensis|d_arizonae	ARID	uncertain	uncertain	uncertain	uncertain	uncertain
repleta_group	DMEL_CRE_00106	all_same	d_repleta	TEMP	uncertain	d_buzzatii|d_mojavensis|d_arizonae	ARID	uncertain	uncertain	uncertain	uncertain	uncertain
repleta_group	DMEL_CRE_00107	all_same	d_repleta	TEMP	uncertain	d_buzzatii|d_mojavensis|d_arizonae	ARID	uncertain	uncertain	uncertain	uncertain	uncertain
repleta_group	DMEL_CRE_00108	all_same	d_repleta	TEMP	uncertain	d_buzzatii|d_mojavensis|d_arizonae	ARID	uncertain	uncertain	uncertain	uncertain	uncertain
repleta_group	DMEL_CRE_00109	all_same	d_repleta	TEMP	uncertain	d_buzzatii|d_mojavensis|d_arizonae	ARID	uncertain	uncertain	uncertain	uncertain	uncertain
repleta_group	DMEL_CRE_00110	all_same	d_repleta	TEMP	uncertain	d_buzzatii|d_mojavensis|d_arizonae	ARID	uncertain	uncertain	uncertain	uncertain	uncertain
repleta_group	DMEL_CRE_00111	all_same	d_repleta	TEMP	uncertain	d_buzzatii|d_mojavensis|d_arizonae	ARID	uncertain	uncertain	uncertain	uncertain	uncertain
repleta_group	DMEL_CRE_00112	comparison_mixed	d_repleta	TEMP	uncertain	d_buzzatii|d_mojavensis|d_arizonae	ARID	mixed	uncertain	turnover_candidate	uncertain	uncertain
repleta_group	DMEL_CRE_00113	comparison_mixed	d_repleta	TEMP	no_detected_CRE	d_buzzatii|d_mojavensis|d_arizonae	ARID	mixed	no_detected_CRE	turnover_candidate	turnover_candidate	no_detected_CRE
repleta_group	DMEL_CRE_00114	comparison_mixed	d_repleta	TEMP	uncertain	d_buzzatii|d_mojavensis|d_arizonae	ARID	mixed	uncertain	uncertain	no_detected_CRE	uncertain
repleta_group	DMEL_CRE_00115	all_same	d_repleta	TEMP	uncertain	d_buzzatii|d_mojavensis|d_arizonae	ARID	uncertain	uncertain	uncertain	uncertain	uncertain
repleta_group	DMEL_CRE_00116	all_same	d_repleta	TEMP	uncertain	d_buzzatii|d_mojavensis|d_arizonae	ARID	uncertain	uncertain	uncertain	uncertain	uncertain
repleta_group	DMEL_CRE_00117	comparison_mixed	d_repleta	TEMP	uncertain	d_buzzatii|d_mojavensis|d_arizonae	ARID	mixed	uncertain	no_detected_CRE	uncertain	uncertain
repleta_group	DMEL_CRE_00118	all_same	d_repleta	TEMP	uncertain	d_buzzatii|d_mojavensis|d_arizonae	ARID	uncertain	uncertain	uncertain	uncertain	uncertain
repleta_group	DMEL_CRE_00119	all_same	d_repleta	TEMP	no_detected_CRE	d_buzzatii|d_mojavensis|d_arizonae	ARID	no_detected_CRE	no_detected_CRE	no_detected_CRE	no_detected_CRE	no_detected_CRE
repleta_group	DMEL_CRE_00120	comparison_mixed	d_repleta	TEMP	turnover_candidate	d_buzzatii|d_mojavensis|d_arizonae	ARID	mixed	turnover_candidate	no_detected_CRE	turnover_candidate	turnover_candidate
repleta_group	DMEL_CRE_00121	tier3	d_repleta	TEMP	turnover_candidate	d_buzzatii|d_mojavensis|d_arizonae	ARID	uncertain	turnover_candidate	uncertain	uncertain	uncertain
repleta_group	DMEL_CRE_00122	all_same	d_repleta	TEMP	uncertain	d_buzzatii|d_mojavensis|d_arizonae	ARID	uncertain	uncertain	uncertain	uncertain	uncertain
repleta_group	DMEL_CRE_00123	all_same	d_repleta	TEMP	uncertain	d_buzzatii|d_mojavensis|d_arizonae	ARID	uncertain	uncertain	uncertain	uncertain	uncertain
repleta_group	DMEL_CRE_00124	comparison_mixed	d_repleta	TEMP	uncertain	d_buzzatii|d_mojavensis|d_arizonae	ARID	mixed	uncertain	uncertain	uncertain	no_detected_CRE
repleta_group	DMEL_CRE_00125	all_same	d_repleta	TEMP	uncertain	d_buzzatii|d_mojavensis|d_arizonae	ARID	uncertain	uncertain	uncertain	uncertain	uncertain
repleta_group	DMEL_CRE_00126	comparison_mixed	d_repleta	TEMP	uncertain	d_buzzatii|d_mojavensis|d_arizonae	ARID	mixed	uncertain	no_detected_CRE	present	uncertain
repleta_group	DMEL_CRE_00127	all_same	d_repleta	TEMP	uncertain	d_buzzatii|d_mojavensis|d_arizonae	ARID	uncertain	uncertain	uncertain	uncertain	uncertain
repleta_group	DMEL_CRE_00128	all_same	d_repleta	TEMP	uncertain	d_buzzatii|d_mojavensis|d_arizonae	ARID	uncertain	uncertain	uncertain	uncertain	uncertain
repleta_group	DMEL_CRE_00129	all_same	d_repleta	TEMP	uncertain	d_buzzatii|d_mojavensis|d_arizonae	ARID	uncertain	uncertain	uncertain	uncertain	uncertain
repleta_group	DMEL_CRE_00130	comparison_mixed	d_repleta	TEMP	uncertain	d_buzzatii|d_mojavensis|d_arizonae	ARID	mixed	uncertain	turnover_candidate	uncertain	uncertain
repleta_group	DMEL_CRE_00131	all_same	d_repleta	TEMP	uncertain	d_buzzatii|d_mojavensis|d_arizonae	ARID	uncertain	uncertain	uncertain	uncertain	uncertain
repleta_group	DMEL_CRE_00132	all_same	d_repleta	TEMP	uncertain	d_buzzatii|d_mojavensis|d_arizonae	ARID	uncertain	uncertain	uncertain	uncertain	uncertain
repleta_group	DMEL_CRE_00133	all_same	d_repleta	TEMP	no_detected_CRE	d_buzzatii|d_mojavensis|d_arizonae	ARID	no_detected_CRE	no_detected_CRE	no_detected_CRE	no_detected_CRE	no_detected_CRE
repleta_group	DMEL_CRE_00134	all_same	d_repleta	TEMP	uncertain	d_buzzatii|d_mojavensis|d_arizonae	ARID	uncertain	uncertain	uncertain	uncertain	uncertain
repleta_group	DMEL_CRE_00135	all_same	d_repleta	TEMP	uncertain	d_buzzatii|d_mojavensis|d_arizonae	ARID	uncertain	uncertain	uncertain	uncertain	uncertain
repleta_group	DMEL_CRE_00136	all_same	d_repleta	TEMP	uncertain	d_buzzatii|d_mojavensis|d_arizonae	ARID	uncertain	uncertain	uncertain	uncertain	uncertain
repleta_group	DMEL_CRE_00137	comparison_mixed	d_repleta	TEMP	uncertain	d_buzzatii|d_mojavensis|d_arizonae	ARID	mixed	uncertain	turnover_candidate	turnover_candidate	no_detected_CRE
repleta_group	DMEL_CRE_00138	comparison_mixed	d_repleta	TEMP	present	d_buzzatii|d_mojavensis|d_arizonae	ARID	mixed	present	no_detected_CRE	no_detected_CRE	present
repleta_group	DMEL_CRE_00139	comparison_mixed	d_repleta	TEMP	no_detected_CRE	d_buzzatii|d_mojavensis|d_arizonae	ARID	mixed	no_detected_CRE	no_detected_CRE	no_detected_CRE	present
repleta_group	DMEL_CRE_00140	all_same	d_repleta	TEMP	no_detected_CRE	d_buzzatii|d_mojavensis|d_arizonae	ARID	no_detected_CRE	no_detected_CRE	no_detected_CRE	no_detected_CRE	no_detected_CRE
repleta_group	DMEL_CRE_00141	all_same	d_repleta	TEMP	uncertain	d_buzzatii|d_mojavensis|d_arizonae	ARID	uncertain	uncertain	uncertain	uncertain	uncertain
repleta_group	DMEL_CRE_00142	all_same	d_repleta	TEMP	no_detected_CRE	d_buzzatii|d_mojavensis|d_arizonae	ARID	no_detected_CRE	no_detected_CRE	no_detected_CRE	no_detected_CRE	no_detected_CRE
repleta_group	DMEL_CRE_00143	comparison_mixed	d_repleta	TEMP	turnover_candidate	d_buzzatii|d_mojavensis|d_arizonae	ARID	mixed	turnover_candidate	no_detected_CRE	turnover_candidate	no_detected_CRE
repleta_group	DMEL_CRE_00144	comparison_mixed	d_repleta	TEMP	uncertain	d_buzzatii|d_mojavensis|d_arizonae	ARID	mixed	uncertain	turnover_candidate	no_detected_CRE	no_detected_CRE
repleta_group	DMEL_CRE_00145	comparison_mixed	d_repleta	TEMP	no_detected_CRE	d_buzzatii|d_mojavensis|d_arizonae	ARID	mixed	no_detected_CRE	present	no_detected_CRE	no_detected_CRE
repleta_group	DMEL_CRE_00146	all_same	d_repleta	TEMP	no_detected_CRE	d_buzzatii|d_mojavensis|d_arizonae	ARID	no_detected_CRE	no_detected_CRE	no_detected_CRE	no_detected_CRE	no_detected_CRE
repleta_group	DMEL_CRE_00147	comparison_mixed	d_repleta	TEMP	no_detected_CRE	d_buzzatii|d_mojavensis|d_arizonae	ARID	mixed	no_detected_CRE	no_detected_CRE	no_detected_CRE	turnover_candidate
repleta_group	DMEL_CRE_00148	comparison_mixed	d_repleta	TEMP	no_detected_CRE	d_buzzatii|d_mojavensis|d_arizonae	ARID	mixed	no_detected_CRE	no_detected_CRE	no_detected_CRE	turnover_candidate
repleta_group	DMEL_CRE_00149	all_same	d_repleta	TEMP	no_detected_CRE	d_buzzatii|d_mojavensis|d_arizonae	ARID	no_detected_CRE	no_detected_CRE	no_detected_CRE	no_detected_CRE	no_detected_CRE
repleta_group	DMEL_CRE_00150	comparison_mixed	d_repleta	TEMP	no_detected_CRE	d_buzzatii|d_mojavensis|d_arizonae	ARID	mixed	no_detected_CRE	no_detected_CRE	present	turnover_candidate
repleta_group	DMEL_CRE_00151	comparison_mixed	d_repleta	TEMP	turnover_candidate	d_buzzatii|d_mojavensis|d_arizonae	ARID	mixed	turnover_candidate	present	turnover_candidate	present
repleta_group	DMEL_CRE_00152	all_same	d_repleta	TEMP	turnover_candidate	d_buzzatii|d_mojavensis|d_arizonae	ARID	turnover_candidate	turnover_candidate	turnover_candidate	turnover_candidate	turnover_candidate
repleta_group	DMEL_CRE_00153	all_same	d_repleta	TEMP	turnover_candidate	d_buzzatii|d_mojavensis|d_arizonae	ARID	turnover_candidate	turnover_candidate	turnover_candidate	turnover_candidate	turnover_candidate
repleta_group	DMEL_CRE_00154	comparison_mixed	d_repleta	TEMP	uncertain	d_buzzatii|d_mojavensis|d_arizonae	ARID	mixed	uncertain	no_detected_CRE	no_detected_CRE	uncertain
repleta_group	DMEL_CRE_00155	comparison_mixed	d_repleta	TEMP	present	d_buzzatii|d_mojavensis|d_arizonae	ARID	mixed	present	no_detected_CRE	present	present
repleta_group	DMEL_CRE_00156	all_same	d_repleta	TEMP	uncertain	d_buzzatii|d_mojavensis|d_arizonae	ARID	uncertain	uncertain	uncertain	uncertain	uncertain
repleta_group	DMEL_CRE_00157	comparison_mixed	d_repleta	TEMP	no_detected_CRE	d_buzzatii|d_mojavensis|d_arizonae	ARID	mixed	no_detected_CRE	present	no_detected_CRE	no_detected_CRE
repleta_group	DMEL_CRE_00158	comparison_mixed	d_repleta	TEMP	no_detected_CRE	d_buzzatii|d_mojavensis|d_arizonae	ARID	mixed	no_detected_CRE	uncertain	uncertain	no_detected_CRE
repleta_group	DMEL_CRE_00159	comparison_mixed	d_repleta	TEMP	no_detected_CRE	d_buzzatii|d_mojavensis|d_arizonae	ARID	mixed	no_detected_CRE	no_detected_CRE	no_detected_CRE	uncertain
repleta_group	DMEL_CRE_00160	all_same	d_repleta	TEMP	uncertain	d_buzzatii|d_mojavensis|d_arizonae	ARID	uncertain	uncertain	uncertain	uncertain	uncertain
repleta_group	DMEL_CRE_00161	all_same	d_repleta	TEMP	no_detected_CRE	d_buzzatii|d_mojavensis|d_arizonae	ARID	no_detected_CRE	no_detected_CRE	no_detected_CRE	no_detected_CRE	no_detected_CRE
repleta_group	DMEL_CRE_00162	all_same	d_repleta	TEMP	no_detected_CRE	d_buzzatii|d_mojavensis|d_arizonae	ARID	no_detected_CRE	no_detected_CRE	no_detected_CRE	no_detected_CRE	no_detected_CRE
repleta_group	DMEL_CRE_00163	all_same	d_repleta	TEMP	uncertain	d_buzzatii|d_mojavensis|d_arizonae	ARID	uncertain	uncertain	uncertain	uncertain	uncertain
repleta_group	DMEL_CRE_00164	comparison_mixed	d_repleta	TEMP	turnover_candidate	d_buzzatii|d_mojavensis|d_arizonae	ARID	mixed	turnover_candidate	no_detected_CRE	no_detected_CRE	turnover_candidate
repleta_group	DMEL_CRE_00165	all_same	d_repleta	TEMP	uncertain	d_buzzatii|d_mojavensis|d_arizonae	ARID	uncertain	uncertain	uncertain	uncertain	uncertain
repleta_group	DMEL_CRE_00166	all_same	d_repleta	TEMP	no_detected_CRE	d_buzzatii|d_mojavensis|d_arizonae	ARID	no_detected_CRE	no_detected_CRE	no_detected_CRE	no_detected_CRE	no_detected_CRE
repleta_group	DMEL_CRE_00167	comparison_mixed	d_repleta	TEMP	turnover_candidate	d_buzzatii|d_mojavensis|d_arizonae	ARID	mixed	turnover_candidate	no_detected_CRE	no_detected_CRE	turnover_candidate
repleta_group	DMEL_CRE_00168	all_same	d_repleta	TEMP	uncertain	d_buzzatii|d_mojavensis|d_arizonae	ARID	uncertain	uncertain	uncertain	uncertain	uncertain
repleta_group	DMEL_CRE_00169	all_same	d_repleta	TEMP	turnover_candidate	d_buzzatii|d_mojavensis|d_arizonae	ARID	turnover_candidate	turnover_candidate	turnover_candidate	turnover_candidate	turnover_candidate
repleta_group	DMEL_CRE_00170	all_same	d_repleta	TEMP	uncertain	d_buzzatii|d_mojavensis|d_arizonae	ARID	uncertain	uncertain	uncertain	uncertain	uncertain
repleta_group	DMEL_CRE_00171	all_same	d_repleta	TEMP	no_detected_CRE	d_buzzatii|d_mojavensis|d_arizonae	ARID	no_detected_CRE	no_detected_CRE	no_detected_CRE	no_detected_CRE	no_detected_CRE
repleta_group	DMEL_CRE_00172	comparison_mixed	d_repleta	TEMP	uncertain	d_buzzatii|d_mojavensis|d_arizonae	ARID	mixed	uncertain	no_detected_CRE	uncertain	uncertain
repleta_group	DMEL_CRE_00173	all_same	d_repleta	TEMP	uncertain	d_buzzatii|d_mojavensis|d_arizonae	ARID	uncertain	uncertain	uncertain	uncertain	uncertain
repleta_group	DMEL_CRE_00174	comparison_mixed	d_repleta	TEMP	uncertain	d_buzzatii|d_mojavensis|d_arizonae	ARID	mixed	uncertain	no_detected_CRE	turnover_candidate	turnover_candidate
repleta_group	DMEL_CRE_00175	comparison_mixed	d_repleta	TEMP	turnover_candidate	d_buzzatii|d_mojavensis|d_arizonae	ARID	mixed	turnover_candidate	no_detected_CRE	turnover_candidate	uncertain
repleta_group	DMEL_CRE_00176	tier3	d_repleta	TEMP	no_detected_CRE	d_buzzatii|d_mojavensis|d_arizonae	ARID	uncertain	no_detected_CRE	uncertain	uncertain	uncertain
repleta_group	DMEL_CRE_00177	all_same	d_repleta	TEMP	uncertain	d_buzzatii|d_mojavensis|d_arizonae	ARID	uncertain	uncertain	uncertain	uncertain	uncertain
repleta_group	DMEL_CRE_00178	comparison_mixed	d_repleta	TEMP	turnover_candidate	d_buzzatii|d_mojavensis|d_arizonae	ARID	mixed	turnover_candidate	turnover_candidate	no_detected_CRE	no_detected_CRE
repleta_group	DMEL_CRE_00179	all_same	d_repleta	TEMP	no_detected_CRE	d_buzzatii|d_mojavensis|d_arizonae	ARID	no_detected_CRE	no_detected_CRE	no_detected_CRE	no_detected_CRE	no_detected_CRE
repleta_group	DMEL_CRE_00180	all_same	d_repleta	TEMP	uncertain	d_buzzatii|d_mojavensis|d_arizonae	ARID	uncertain	uncertain	uncertain	uncertain	uncertain
repleta_group	DMEL_CRE_00181	all_same	d_repleta	TEMP	uncertain	d_buzzatii|d_mojavensis|d_arizonae	ARID	uncertain	uncertain	uncertain	uncertain	uncertain
repleta_group	DMEL_CRE_00182	comparison_mixed	d_repleta	TEMP	no_detected_CRE	d_buzzatii|d_mojavensis|d_arizonae	ARID	mixed	no_detected_CRE	uncertain	no_detected_CRE	no_detected_CRE
repleta_group	DMEL_CRE_00183	all_same	d_repleta	TEMP	uncertain	d_buzzatii|d_mojavensis|d_arizonae	ARID	uncertain	uncertain	uncertain	uncertain	uncertain
repleta_group	DMEL_CRE_00184	comparison_mixed	d_repleta	TEMP	present	d_buzzatii|d_mojavensis|d_arizonae	ARID	mixed	present	no_detected_CRE	uncertain	uncertain
repleta_group	DMEL_CRE_00185	all_same	d_repleta	TEMP	uncertain	d_buzzatii|d_mojavensis|d_arizonae	ARID	uncertain	uncertain	uncertain	uncertain	uncertain
repleta_group	DMEL_CRE_00186	comparison_mixed	d_repleta	TEMP	no_detected_CRE	d_buzzatii|d_mojavensis|d_arizonae	ARID	mixed	no_detected_CRE	no_detected_CRE	uncertain	uncertain
repleta_group	DMEL_CRE_00187	all_same	d_repleta	TEMP	uncertain	d_buzzatii|d_mojavensis|d_arizonae	ARID	uncertain	uncertain	uncertain	uncertain	uncertain
repleta_group	DMEL_CRE_00188	all_same	d_repleta	TEMP	uncertain	d_buzzatii|d_mojavensis|d_arizonae	ARID	uncertain	uncertain	uncertain	uncertain	uncertain
repleta_group	DMEL_CRE_00189	comparison_mixed	d_repleta	TEMP	no_detected_CRE	d_buzzatii|d_mojavensis|d_arizonae	ARID	mixed	no_detected_CRE	present	no_detected_CRE	no_detected_CRE
repleta_group	DMEL_CRE_00190	all_same	d_repleta	TEMP	no_detected_CRE	d_buzzatii|d_mojavensis|d_arizonae	ARID	no_detected_CRE	no_detected_CRE	no_detected_CRE	no_detected_CRE	no_detected_CRE
repleta_group	DMEL_CRE_00191	all_same	d_repleta	TEMP	no_detected_CRE	d_buzzatii|d_mojavensis|d_arizonae	ARID	no_detected_CRE	no_detected_CRE	no_detected_CRE	no_detected_CRE	no_detected_CRE
repleta_group	DMEL_CRE_00192	all_same	d_repleta	TEMP	uncertain	d_buzzatii|d_mojavensis|d_arizonae	ARID	uncertain	uncertain	uncertain	uncertain	uncertain
repleta_group	DMEL_CRE_00193	all_same	d_repleta	TEMP	uncertain	d_buzzatii|d_mojavensis|d_arizonae	ARID	uncertain	uncertain	uncertain	uncertain	uncertain
repleta_group	DMEL_CRE_00194	all_same	d_repleta	TEMP	no_detected_CRE	d_buzzatii|d_mojavensis|d_arizonae	ARID	no_detected_CRE	no_detected_CRE	no_detected_CRE	no_detected_CRE	no_detected_CRE
repleta_group	DMEL_CRE_00195	all_same	d_repleta	TEMP	uncertain	d_buzzatii|d_mojavensis|d_arizonae	ARID	uncertain	uncertain	uncertain	uncertain	uncertain
repleta_group	DMEL_CRE_00196	tier3	d_repleta	TEMP	no_detected_CRE	d_buzzatii|d_mojavensis|d_arizonae	ARID	uncertain	no_detected_CRE	uncertain	uncertain	uncertain
repleta_group	DMEL_CRE_00197	comparison_mixed	d_repleta	TEMP	turnover_candidate	d_buzzatii|d_mojavensis|d_arizonae	ARID	mixed	turnover_candidate	uncertain	turnover_candidate	turnover_candidate
repleta_group	DMEL_CRE_00198	comparison_mixed	d_repleta	TEMP	turnover_candidate	d_buzzatii|d_mojavensis|d_arizonae	ARID	mixed	turnover_candidate	no_detected_CRE	turnover_candidate	turnover_candidate
repleta_group	DMEL_CRE_00199	all_same	d_repleta	TEMP	no_detected_CRE	d_buzzatii|d_mojavensis|d_arizonae	ARID	no_detected_CRE	no_detected_CRE	no_detected_CRE	no_detected_CRE	no_detected_CRE
repleta_group	DMEL_CRE_00200	comparison_mixed	d_repleta	TEMP	no_detected_CRE	d_buzzatii|d_mojavensis|d_arizonae	ARID	mixed	no_detected_CRE	no_detected_CRE	no_detected_CRE	turnover_candidate
repleta_group	DMEL_CRE_00201	all_same	d_repleta	TEMP	uncertain	d_buzzatii|d_mojavensis|d_arizonae	ARID	uncertain	uncertain	uncertain	uncertain	uncertain
repleta_group	DMEL_CRE_00202	comparison_mixed	d_repleta	TEMP	no_detected_CRE	d_buzzatii|d_mojavensis|d_arizonae	ARID	mixed	no_detected_CRE	no_detected_CRE	no_detected_CRE	turnover_candidate
repleta_group	DMEL_CRE_00203	all_same	d_repleta	TEMP	turnover_candidate	d_buzzatii|d_mojavensis|d_arizonae	ARID	turnover_candidate	turnover_candidate	turnover_candidate	turnover_candidate	turnover_candidate
repleta_group	DMEL_CRE_00204	comparison_mixed	d_repleta	TEMP	no_detected_CRE	d_buzzatii|d_mojavensis|d_arizonae	ARID	mixed	no_detected_CRE	no_detected_CRE	turnover_candidate	turnover_candidate
repleta_group	DMEL_CRE_00205	all_same	d_repleta	TEMP	uncertain	d_buzzatii|d_mojavensis|d_arizonae	ARID	uncertain	uncertain	uncertain	uncertain	uncertain
repleta_group	DMEL_CRE_00206	all_same	d_repleta	TEMP	no_detected_CRE	d_buzzatii|d_mojavensis|d_arizonae	ARID	no_detected_CRE	no_detected_CRE	no_detected_CRE	no_detected_CRE	no_detected_CRE
repleta_group	DMEL_CRE_00207	tier3	d_repleta	TEMP	no_detected_CRE	d_buzzatii|d_mojavensis|d_arizonae	ARID	uncertain	no_detected_CRE	uncertain	uncertain	uncertain
repleta_group	DMEL_CRE_00208	comparison_mixed	d_repleta	TEMP	no_detected_CRE	d_buzzatii|d_mojavensis|d_arizonae	ARID	mixed	no_detected_CRE	no_detected_CRE	turnover_candidate	uncertain
repleta_group	DMEL_CRE_00209	all_same	d_repleta	TEMP	uncertain	d_buzzatii|d_mojavensis|d_arizonae	ARID	uncertain	uncertain	uncertain	uncertain	uncertain
repleta_group	DMEL_CRE_00210	comparison_mixed	d_repleta	TEMP	turnover_candidate	d_buzzatii|d_mojavensis|d_arizonae	ARID	mixed	turnover_candidate	no_detected_CRE	no_detected_CRE	turnover_candidate
repleta_group	DMEL_CRE_00211	all_same	d_repleta	TEMP	uncertain	d_buzzatii|d_mojavensis|d_arizonae	ARID	uncertain	uncertain	uncertain	uncertain	uncertain
repleta_group	DMEL_CRE_00212	all_same	d_repleta	TEMP	uncertain	d_buzzatii|d_mojavensis|d_arizonae	ARID	uncertain	uncertain	uncertain	uncertain	uncertain
repleta_group	DMEL_CRE_00213	comparison_mixed	d_repleta	TEMP	no_detected_CRE	d_buzzatii|d_mojavensis|d_arizonae	ARID	mixed	no_detected_CRE	no_detected_CRE	uncertain	uncertain
repleta_group	DMEL_CRE_00214	all_same	d_repleta	TEMP	no_detected_CRE	d_buzzatii|d_mojavensis|d_arizonae	ARID	no_detected_CRE	no_detected_CRE	no_detected_CRE	no_detected_CRE	no_detected_CRE
repleta_group	DMEL_CRE_00215	all_same	d_repleta	TEMP	no_detected_CRE	d_buzzatii|d_mojavensis|d_arizonae	ARID	no_detected_CRE	no_detected_CRE	no_detected_CRE	no_detected_CRE	no_detected_CRE
repleta_group	DMEL_CRE_00216	all_same	d_repleta	TEMP	uncertain	d_buzzatii|d_mojavensis|d_arizonae	ARID	uncertain	uncertain	uncertain	uncertain	uncertain
repleta_group	DMEL_CRE_00217	comparison_mixed	d_repleta	TEMP	uncertain	d_buzzatii|d_mojavensis|d_arizonae	ARID	mixed	uncertain	uncertain	no_detected_CRE	no_detected_CRE
repleta_group	DMEL_CRE_00218	all_same	d_repleta	TEMP	no_detected_CRE	d_buzzatii|d_mojavensis|d_arizonae	ARID	no_detected_CRE	no_detected_CRE	no_detected_CRE	no_detected_CRE	no_detected_CRE
repleta_group	DMEL_CRE_00219	all_same	d_repleta	TEMP	no_detected_CRE	d_buzzatii|d_mojavensis|d_arizonae	ARID	no_detected_CRE	no_detected_CRE	no_detected_CRE	no_detected_CRE	no_detected_CRE
repleta_group	DMEL_CRE_00220	comparison_mixed	d_repleta	TEMP	no_detected_CRE	d_buzzatii|d_mojavensis|d_arizonae	ARID	mixed	no_detected_CRE	no_detected_CRE	no_detected_CRE	uncertain
repleta_group	DMEL_CRE_00221	all_same	d_repleta	TEMP	uncertain	d_buzzatii|d_mojavensis|d_arizonae	ARID	uncertain	uncertain	uncertain	uncertain	uncertain
repleta_group	DMEL_CRE_00222	all_same	d_repleta	TEMP	uncertain	d_buzzatii|d_mojavensis|d_arizonae	ARID	uncertain	uncertain	uncertain	uncertain	uncertain
repleta_group	DMEL_CRE_00223	comparison_mixed	d_repleta	TEMP	no_detected_CRE	d_buzzatii|d_mojavensis|d_arizonae	ARID	mixed	no_detected_CRE	present	no_detected_CRE	no_detected_CRE
repleta_group	DMEL_CRE_00224	all_same	d_repleta	TEMP	no_detected_CRE	d_buzzatii|d_mojavensis|d_arizonae	ARID	no_detected_CRE	no_detected_CRE	no_detected_CRE	no_detected_CRE	no_detected_CRE
repleta_group	DMEL_CRE_00225	comparison_mixed	d_repleta	TEMP	no_detected_CRE	d_buzzatii|d_mojavensis|d_arizonae	ARID	mixed	no_detected_CRE	no_detected_CRE	no_detected_CRE	uncertain
repleta_group	DMEL_CRE_00226	all_same	d_repleta	TEMP	turnover_candidate	d_buzzatii|d_mojavensis|d_arizonae	ARID	turnover_candidate	turnover_candidate	turnover_candidate	turnover_candidate	turnover_candidate
repleta_group	DMEL_CRE_00227	comparison_mixed	d_repleta	TEMP	turnover_candidate	d_buzzatii|d_mojavensis|d_arizonae	ARID	mixed	turnover_candidate	no_detected_CRE	turnover_candidate	no_detected_CRE
repleta_group	DMEL_CRE_00228	comparison_mixed	d_repleta	TEMP	turnover_candidate	d_buzzatii|d_mojavensis|d_arizonae	ARID	mixed	turnover_candidate	no_detected_CRE	turnover_candidate	no_detected_CRE
repleta_group	DMEL_CRE_00229	all_same	d_repleta	TEMP	uncertain	d_buzzatii|d_mojavensis|d_arizonae	ARID	uncertain	uncertain	uncertain	uncertain	uncertain
repleta_group	DMEL_CRE_00230	comparison_mixed	d_repleta	TEMP	present	d_buzzatii|d_mojavensis|d_arizonae	ARID	mixed	present	no_detected_CRE	turnover_candidate	no_detected_CRE
repleta_group	DMEL_CRE_00231	all_same	d_repleta	TEMP	uncertain	d_buzzatii|d_mojavensis|d_arizonae	ARID	uncertain	uncertain	uncertain	uncertain	uncertain
repleta_group	DMEL_CRE_00232	all_same	d_repleta	TEMP	no_detected_CRE	d_buzzatii|d_mojavensis|d_arizonae	ARID	no_detected_CRE	no_detected_CRE	no_detected_CRE	no_detected_CRE	no_detected_CRE
repleta_group	DMEL_CRE_00233	comparison_mixed	d_repleta	TEMP	present	d_buzzatii|d_mojavensis|d_arizonae	ARID	mixed	present	uncertain	present	uncertain
repleta_group	DMEL_CRE_00234	all_same	d_repleta	TEMP	turnover_candidate	d_buzzatii|d_mojavensis|d_arizonae	ARID	turnover_candidate	turnover_candidate	turnover_candidate	turnover_candidate	turnover_candidate
repleta_group	DMEL_CRE_00235	all_same	d_repleta	TEMP	uncertain	d_buzzatii|d_mojavensis|d_arizonae	ARID	uncertain	uncertain	uncertain	uncertain	uncertain
repleta_group	DMEL_CRE_00236	all_same	d_repleta	TEMP	uncertain	d_buzzatii|d_mojavensis|d_arizonae	ARID	uncertain	uncertain	uncertain	uncertain	uncertain
repleta_group	DMEL_CRE_00237	all_same	d_repleta	TEMP	uncertain	d_buzzatii|d_mojavensis|d_arizonae	ARID	uncertain	uncertain	uncertain	uncertain	uncertain
repleta_group	DMEL_CRE_00238	all_same	d_repleta	TEMP	uncertain	d_buzzatii|d_mojavensis|d_arizonae	ARID	uncertain	uncertain	uncertain	uncertain	uncertain
repleta_group	DMEL_CRE_00239	all_same	d_repleta	TEMP	no_detected_CRE	d_buzzatii|d_mojavensis|d_arizonae	ARID	no_detected_CRE	no_detected_CRE	no_detected_CRE	no_detected_CRE	no_detected_CRE
repleta_group	DMEL_CRE_00240	comparison_mixed	d_repleta	TEMP	no_detected_CRE	d_buzzatii|d_mojavensis|d_arizonae	ARID	mixed	no_detected_CRE	no_detected_CRE	uncertain	no_detected_CRE
repleta_group	DMEL_CRE_00241	comparison_mixed	d_repleta	TEMP	no_detected_CRE	d_buzzatii|d_mojavensis|d_arizonae	ARID	mixed	no_detected_CRE	no_detected_CRE	turnover_candidate	turnover_candidate
repleta_group	DMEL_CRE_00242	all_same	d_repleta	TEMP	uncertain	d_buzzatii|d_mojavensis|d_arizonae	ARID	uncertain	uncertain	uncertain	uncertain	uncertain
repleta_group	DMEL_CRE_00243	all_same	d_repleta	TEMP	uncertain	d_buzzatii|d_mojavensis|d_arizonae	ARID	uncertain	uncertain	uncertain	uncertain	uncertain
repleta_group	DMEL_CRE_00244	comparison_mixed	d_repleta	TEMP	uncertain	d_buzzatii|d_mojavensis|d_arizonae	ARID	mixed	uncertain	uncertain	uncertain	no_detected_CRE
repleta_group	DMEL_CRE_00245	all_same	d_repleta	TEMP	no_detected_CRE	d_buzzatii|d_mojavensis|d_arizonae	ARID	no_detected_CRE	no_detected_CRE	no_detected_CRE	no_detected_CRE	no_detected_CRE
repleta_group	DMEL_CRE_00246	all_same	d_repleta	TEMP	uncertain	d_buzzatii|d_mojavensis|d_arizonae	ARID	uncertain	uncertain	uncertain	uncertain	uncertain
repleta_group	DMEL_CRE_00247	all_same	d_repleta	TEMP	uncertain	d_buzzatii|d_mojavensis|d_arizonae	ARID	uncertain	uncertain	uncertain	uncertain	uncertain
repleta_group	DMEL_CRE_00248	all_same	d_repleta	TEMP	no_detected_CRE	d_buzzatii|d_mojavensis|d_arizonae	ARID	no_detected_CRE	no_detected_CRE	no_detected_CRE	no_detected_CRE	no_detected_CRE
repleta_group	DMEL_CRE_00249	all_same	d_repleta	TEMP	uncertain	d_buzzatii|d_mojavensis|d_arizonae	ARID	uncertain	uncertain	uncertain	uncertain	uncertain
repleta_group	DMEL_CRE_00250	comparison_mixed	d_repleta	TEMP	no_detected_CRE	d_buzzatii|d_mojavensis|d_arizonae	ARID	mixed	no_detected_CRE	turnover_candidate	no_detected_CRE	no_detected_CRE
repleta_group	DMEL_CRE_00251	all_same	d_repleta	TEMP	uncertain	d_buzzatii|d_mojavensis|d_arizonae	ARID	uncertain	uncertain	uncertain	uncertain	uncertain
repleta_group	DMEL_CRE_00252	comparison_mixed	d_repleta	TEMP	turnover_candidate	d_buzzatii|d_mojavensis|d_arizonae	ARID	mixed	turnover_candidate	no_detected_CRE	turnover_candidate	uncertain
repleta_group	DMEL_CRE_00253	all_same	d_repleta	TEMP	uncertain	d_buzzatii|d_mojavensis|d_arizonae	ARID	uncertain	uncertain	uncertain	uncertain	uncertain
repleta_group	DMEL_CRE_00254	all_same	d_repleta	TEMP	uncertain	d_buzzatii|d_mojavensis|d_arizonae	ARID	uncertain	uncertain	uncertain	uncertain	uncertain
repleta_group	DMEL_CRE_00255	comparison_mixed	d_repleta	TEMP	turnover_candidate	d_buzzatii|d_mojavensis|d_arizonae	ARID	mixed	turnover_candidate	turnover_candidate	turnover_candidate	present
repleta_group	DMEL_CRE_00256	all_same	d_repleta	TEMP	uncertain	d_buzzatii|d_mojavensis|d_arizonae	ARID	uncertain	uncertain	uncertain	uncertain	uncertain
repleta_group	DMEL_CRE_00257	comparison_mixed	d_repleta	TEMP	no_detected_CRE	d_buzzatii|d_mojavensis|d_arizonae	ARID	mixed	no_detected_CRE	no_detected_CRE	no_detected_CRE	uncertain
repleta_group	DMEL_CRE_00258	all_same	d_repleta	TEMP	no_detected_CRE	d_buzzatii|d_mojavensis|d_arizonae	ARID	no_detected_CRE	no_detected_CRE	no_detected_CRE	no_detected_CRE	no_detected_CRE
repleta_group	DMEL_CRE_00259	all_same	d_repleta	TEMP	no_detected_CRE	d_buzzatii|d_mojavensis|d_arizonae	ARID	no_detected_CRE	no_detected_CRE	no_detected_CRE	no_detected_CRE	no_detected_CRE
repleta_group	DMEL_CRE_00260	all_same	d_repleta	TEMP	uncertain	d_buzzatii|d_mojavensis|d_arizonae	ARID	uncertain	uncertain	uncertain	uncertain	uncertain
repleta_group	DMEL_CRE_00261	all_same	d_repleta	TEMP	uncertain	d_buzzatii|d_mojavensis|d_arizonae	ARID	uncertain	uncertain	uncertain	uncertain	uncertain
repleta_group	DMEL_CRE_00262	comparison_mixed	d_repleta	TEMP	uncertain	d_buzzatii|d_mojavensis|d_arizonae	ARID	mixed	uncertain	no_detected_CRE	no_detected_CRE	turnover_candidate
repleta_group	DMEL_CRE_00263	all_same	d_repleta	TEMP	no_detected_CRE	d_buzzatii|d_mojavensis|d_arizonae	ARID	no_detected_CRE	no_detected_CRE	no_detected_CRE	no_detected_CRE	no_detected_CRE
repleta_group	DMEL_CRE_00264	comparison_mixed	d_repleta	TEMP	uncertain	d_buzzatii|d_mojavensis|d_arizonae	ARID	mixed	uncertain	uncertain	uncertain	no_detected_CRE
repleta_group	DMEL_CRE_00265	comparison_mixed	d_repleta	TEMP	no_detected_CRE	d_buzzatii|d_mojavensis|d_arizonae	ARID	mixed	no_detected_CRE	no_detected_CRE	no_detected_CRE	turnover_candidate
repleta_group	DMEL_CRE_00266	all_same	d_repleta	TEMP	no_detected_CRE	d_buzzatii|d_mojavensis|d_arizonae	ARID	no_detected_CRE	no_detected_CRE	no_detected_CRE	no_detected_CRE	no_detected_CRE
repleta_group	DMEL_CRE_00267	all_same	d_repleta	TEMP	uncertain	d_buzzatii|d_mojavensis|d_arizonae	ARID	uncertain	uncertain	uncertain	uncertain	uncertain
repleta_group	DMEL_CRE_00268	comparison_mixed	d_repleta	TEMP	no_detected_CRE	d_buzzatii|d_mojavensis|d_arizonae	ARID	mixed	no_detected_CRE	no_detected_CRE	no_detected_CRE	uncertain
repleta_group	DMEL_CRE_00269	comparison_mixed	d_repleta	TEMP	no_detected_CRE	d_buzzatii|d_mojavensis|d_arizonae	ARID	mixed	no_detected_CRE	turnover_candidate	no_detected_CRE	no_detected_CRE
repleta_group	DMEL_CRE_00270	all_same	d_repleta	TEMP	no_detected_CRE	d_buzzatii|d_mojavensis|d_arizonae	ARID	no_detected_CRE	no_detected_CRE	no_detected_CRE	no_detected_CRE	no_detected_CRE
repleta_group	DMEL_CRE_00271	all_same	d_repleta	TEMP	no_detected_CRE	d_buzzatii|d_mojavensis|d_arizonae	ARID	no_detected_CRE	no_detected_CRE	no_detected_CRE	no_detected_CRE	no_detected_CRE
repleta_group	DMEL_CRE_00272	tier2	d_repleta	TEMP	turnover_candidate	d_buzzatii|d_mojavensis|d_arizonae	ARID	no_detected_CRE	turnover_candidate	no_detected_CRE	no_detected_CRE	no_detected_CRE
repleta_group	DMEL_CRE_00273	comparison_mixed	d_repleta	TEMP	no_detected_CRE	d_buzzatii|d_mojavensis|d_arizonae	ARID	mixed	no_detected_CRE	no_detected_CRE	no_detected_CRE	turnover_candidate
repleta_group	DMEL_CRE_00274	all_same	d_repleta	TEMP	uncertain	d_buzzatii|d_mojavensis|d_arizonae	ARID	uncertain	uncertain	uncertain	uncertain	uncertain
repleta_group	DMEL_CRE_00275	comparison_mixed	d_repleta	TEMP	present	d_buzzatii|d_mojavensis|d_arizonae	ARID	mixed	present	turnover_candidate	present	present
repleta_group	DMEL_CRE_00276	all_same	d_repleta	TEMP	uncertain	d_buzzatii|d_mojavensis|d_arizonae	ARID	uncertain	uncertain	uncertain	uncertain	uncertain
repleta_group	DMEL_CRE_00277	all_same	d_repleta	TEMP	uncertain	d_buzzatii|d_mojavensis|d_arizonae	ARID	uncertain	uncertain	uncertain	uncertain	uncertain
repleta_group	DMEL_CRE_00278	comparison_mixed	d_repleta	TEMP	turnover_candidate	d_buzzatii|d_mojavensis|d_arizonae	ARID	mixed	turnover_candidate	turnover_candidate	present	present
repleta_group	DMEL_CRE_00279	comparison_mixed	d_repleta	TEMP	no_detected_CRE	d_buzzatii|d_mojavensis|d_arizonae	ARID	mixed	no_detected_CRE	no_detected_CRE	no_detected_CRE	uncertain
repleta_group	DMEL_CRE_00280	all_same	d_repleta	TEMP	no_detected_CRE	d_buzzatii|d_mojavensis|d_arizonae	ARID	no_detected_CRE	no_detected_CRE	no_detected_CRE	no_detected_CRE	no_detected_CRE
repleta_group	DMEL_CRE_00281	all_same	d_repleta	TEMP	no_detected_CRE	d_buzzatii|d_mojavensis|d_arizonae	ARID	no_detected_CRE	no_detected_CRE	no_detected_CRE	no_detected_CRE	no_detected_CRE
repleta_group	DMEL_CRE_00282	comparison_mixed	d_repleta	TEMP	no_detected_CRE	d_buzzatii|d_mojavensis|d_arizonae	ARID	mixed	no_detected_CRE	no_detected_CRE	no_detected_CRE	uncertain
repleta_group	DMEL_CRE_00283	comparison_mixed	d_repleta	TEMP	no_detected_CRE	d_buzzatii|d_mojavensis|d_arizonae	ARID	mixed	no_detected_CRE	no_detected_CRE	no_detected_CRE	uncertain
repleta_group	DMEL_CRE_00284	comparison_mixed	d_repleta	TEMP	uncertain	d_buzzatii|d_mojavensis|d_arizonae	ARID	mixed	uncertain	no_detected_CRE	no_detected_CRE	uncertain
repleta_group	DMEL_CRE_00285	comparison_mixed	d_repleta	TEMP	uncertain	d_buzzatii|d_mojavensis|d_arizonae	ARID	mixed	uncertain	no_detected_CRE	no_detected_CRE	uncertain
repleta_group	DMEL_CRE_00286	comparison_mixed	d_repleta	TEMP	no_detected_CRE	d_buzzatii|d_mojavensis|d_arizonae	ARID	mixed	no_detected_CRE	no_detected_CRE	no_detected_CRE	uncertain
repleta_group	DMEL_CRE_00287	all_same	d_repleta	TEMP	uncertain	d_buzzatii|d_mojavensis|d_arizonae	ARID	uncertain	uncertain	uncertain	uncertain	uncertain
repleta_group	DMEL_CRE_00288	all_same	d_repleta	TEMP	uncertain	d_buzzatii|d_mojavensis|d_arizonae	ARID	uncertain	uncertain	uncertain	uncertain	uncertain
repleta_group	DMEL_CRE_00289	all_same	d_repleta	TEMP	uncertain	d_buzzatii|d_mojavensis|d_arizonae	ARID	uncertain	uncertain	uncertain	uncertain	uncertain
repleta_group	DMEL_CRE_00290	all_same	d_repleta	TEMP	no_detected_CRE	d_buzzatii|d_mojavensis|d_arizonae	ARID	no_detected_CRE	no_detected_CRE	no_detected_CRE	no_detected_CRE	no_detected_CRE
repleta_group	DMEL_CRE_00291	all_same	d_repleta	TEMP	present	d_buzzatii|d_mojavensis|d_arizonae	ARID	present	present	present	present	present
repleta_group	DMEL_CRE_00292	comparison_mixed	d_repleta	TEMP	uncertain	d_buzzatii|d_mojavensis|d_arizonae	ARID	mixed	uncertain	turnover_candidate	present	turnover_candidate
repleta_group	DMEL_CRE_00293	all_same	d_repleta	TEMP	no_detected_CRE	d_buzzatii|d_mojavensis|d_arizonae	ARID	no_detected_CRE	no_detected_CRE	no_detected_CRE	no_detected_CRE	no_detected_CRE
repleta_group	DMEL_CRE_00294	all_same	d_repleta	TEMP	uncertain	d_buzzatii|d_mojavensis|d_arizonae	ARID	uncertain	uncertain	uncertain	uncertain	uncertain
repleta_group	DMEL_CRE_00295	comparison_mixed	d_repleta	TEMP	no_detected_CRE	d_buzzatii|d_mojavensis|d_arizonae	ARID	mixed	no_detected_CRE	present	no_detected_CRE	no_detected_CRE
repleta_group	DMEL_CRE_00296	all_same	d_repleta	TEMP	no_detected_CRE	d_buzzatii|d_mojavensis|d_arizonae	ARID	no_detected_CRE	no_detected_CRE	no_detected_CRE	no_detected_CRE	no_detected_CRE
repleta_group	DMEL_CRE_00297	all_same	d_repleta	TEMP	no_detected_CRE	d_buzzatii|d_mojavensis|d_arizonae	ARID	no_detected_CRE	no_detected_CRE	no_detected_CRE	no_detected_CRE	no_detected_CRE
repleta_group	DMEL_CRE_00298	comparison_mixed	d_repleta	TEMP	no_detected_CRE	d_buzzatii|d_mojavensis|d_arizonae	ARID	mixed	no_detected_CRE	uncertain	no_detected_CRE	no_detected_CRE
repleta_group	DMEL_CRE_00299	all_same	d_repleta	TEMP	uncertain	d_buzzatii|d_mojavensis|d_arizonae	ARID	uncertain	uncertain	uncertain	uncertain	uncertain
repleta_group	DMEL_CRE_00300	all_same	d_repleta	TEMP	no_detected_CRE	d_buzzatii|d_mojavensis|d_arizonae	ARID	no_detected_CRE	no_detected_CRE	no_detected_CRE	no_detected_CRE	no_detected_CRE
repleta_group	DMEL_CRE_00301	all_same	d_repleta	TEMP	uncertain	d_buzzatii|d_mojavensis|d_arizonae	ARID	uncertain	uncertain	uncertain	uncertain	uncertain
repleta_group	DMEL_CRE_00302	comparison_mixed	d_repleta	TEMP	no_detected_CRE	d_buzzatii|d_mojavensis|d_arizonae	ARID	mixed	no_detected_CRE	uncertain	present	present
repleta_group	DMEL_CRE_00303	tier3	d_repleta	TEMP	no_detected_CRE	d_buzzatii|d_mojavensis|d_arizonae	ARID	uncertain	no_detected_CRE	uncertain	uncertain	uncertain
repleta_group	DMEL_CRE_00304	all_same	d_repleta	TEMP	no_detected_CRE	d_buzzatii|d_mojavensis|d_arizonae	ARID	no_detected_CRE	no_detected_CRE	no_detected_CRE	no_detected_CRE	no_detected_CRE
repleta_group	DMEL_CRE_00305	comparison_mixed	d_repleta	TEMP	no_detected_CRE	d_buzzatii|d_mojavensis|d_arizonae	ARID	mixed	no_detected_CRE	uncertain	uncertain	no_detected_CRE
repleta_group	DMEL_CRE_00306	tier1	d_repleta	TEMP	turnover_candidate	d_buzzatii|d_mojavensis|d_arizonae	ARID	present	turnover_candidate	present	present	present
repleta_group	DMEL_CRE_00307	comparison_mixed	d_repleta	TEMP	uncertain	d_buzzatii|d_mojavensis|d_arizonae	ARID	mixed	uncertain	no_detected_CRE	uncertain	no_detected_CRE
repleta_group	DMEL_CRE_00308	comparison_mixed	d_repleta	TEMP	no_detected_CRE	d_buzzatii|d_mojavensis|d_arizonae	ARID	mixed	no_detected_CRE	no_detected_CRE	no_detected_CRE	uncertain
repleta_group	DMEL_CRE_00309	comparison_mixed	d_repleta	TEMP	uncertain	d_buzzatii|d_mojavensis|d_arizonae	ARID	mixed	uncertain	uncertain	uncertain	no_detected_CRE
repleta_group	DMEL_CRE_00310	comparison_mixed	d_repleta	TEMP	turnover_candidate	d_buzzatii|d_mojavensis|d_arizonae	ARID	mixed	turnover_candidate	turnover_candidate	turnover_candidate	present
repleta_group	DMEL_CRE_00311	all_same	d_repleta	TEMP	present	d_buzzatii|d_mojavensis|d_arizonae	ARID	present	present	present	present	present
repleta_group	DMEL_CRE_00312	all_same	d_repleta	TEMP	no_detected_CRE	d_buzzatii|d_mojavensis|d_arizonae	ARID	no_detected_CRE	no_detected_CRE	no_detected_CRE	no_detected_CRE	no_detected_CRE
repleta_group	DMEL_CRE_00313	all_same	d_repleta	TEMP	no_detected_CRE	d_buzzatii|d_mojavensis|d_arizonae	ARID	no_detected_CRE	no_detected_CRE	no_detected_CRE	no_detected_CRE	no_detected_CRE
repleta_group	DMEL_CRE_00314	comparison_mixed	d_repleta	TEMP	uncertain	d_buzzatii|d_mojavensis|d_arizonae	ARID	mixed	uncertain	no_detected_CRE	uncertain	uncertain
repleta_group	DMEL_CRE_00315	all_same	d_repleta	TEMP	uncertain	d_buzzatii|d_mojavensis|d_arizonae	ARID	uncertain	uncertain	uncertain	uncertain	uncertain
repleta_group	DMEL_CRE_00316	all_same	d_repleta	TEMP	uncertain	d_buzzatii|d_mojavensis|d_arizonae	ARID	uncertain	uncertain	uncertain	uncertain	uncertain
repleta_group	DMEL_CRE_00317	all_same	d_repleta	TEMP	uncertain	d_buzzatii|d_mojavensis|d_arizonae	ARID	uncertain	uncertain	uncertain	uncertain	uncertain
repleta_group	DMEL_CRE_00318	all_same	d_repleta	TEMP	turnover_candidate	d_buzzatii|d_mojavensis|d_arizonae	ARID	turnover_candidate	turnover_candidate	turnover_candidate	turnover_candidate	turnover_candidate
repleta_group	DMEL_CRE_00319	comparison_mixed	d_repleta	TEMP	present	d_buzzatii|d_mojavensis|d_arizonae	ARID	mixed	present	no_detected_CRE	present	no_detected_CRE
repleta_group	DMEL_CRE_00320	all_same	d_repleta	TEMP	no_detected_CRE	d_buzzatii|d_mojavensis|d_arizonae	ARID	no_detected_CRE	no_detected_CRE	no_detected_CRE	no_detected_CRE	no_detected_CRE
repleta_group	DMEL_CRE_00321	all_same	d_repleta	TEMP	uncertain	d_buzzatii|d_mojavensis|d_arizonae	ARID	uncertain	uncertain	uncertain	uncertain	uncertain
repleta_group	DMEL_CRE_00322	tier3	d_repleta	TEMP	no_detected_CRE	d_buzzatii|d_mojavensis|d_arizonae	ARID	uncertain	no_detected_CRE	uncertain	uncertain	uncertain
repleta_group	DMEL_CRE_00323	all_same	d_repleta	TEMP	uncertain	d_buzzatii|d_mojavensis|d_arizonae	ARID	uncertain	uncertain	uncertain	uncertain	uncertain
repleta_group	DMEL_CRE_00324	all_same	d_repleta	TEMP	no_detected_CRE	d_buzzatii|d_mojavensis|d_arizonae	ARID	no_detected_CRE	no_detected_CRE	no_detected_CRE	no_detected_CRE	no_detected_CRE
repleta_group	DMEL_CRE_00325	all_same	d_repleta	TEMP	no_detected_CRE	d_buzzatii|d_mojavensis|d_arizonae	ARID	no_detected_CRE	no_detected_CRE	no_detected_CRE	no_detected_CRE	no_detected_CRE
repleta_group	DMEL_CRE_00326	all_same	d_repleta	TEMP	no_detected_CRE	d_buzzatii|d_mojavensis|d_arizonae	ARID	no_detected_CRE	no_detected_CRE	no_detected_CRE	no_detected_CRE	no_detected_CRE
repleta_group	DMEL_CRE_00327	all_same	d_repleta	TEMP	no_detected_CRE	d_buzzatii|d_mojavensis|d_arizonae	ARID	no_detected_CRE	no_detected_CRE	no_detected_CRE	no_detected_CRE	no_detected_CRE
repleta_group	DMEL_CRE_00328	comparison_mixed	d_repleta	TEMP	no_detected_CRE	d_buzzatii|d_mojavensis|d_arizonae	ARID	mixed	no_detected_CRE	uncertain	turnover_candidate	uncertain
repleta_group	DMEL_CRE_00329	comparison_mixed	d_repleta	TEMP	present	d_buzzatii|d_mojavensis|d_arizonae	ARID	mixed	present	no_detected_CRE	no_detected_CRE	present
repleta_group	DMEL_CRE_00330	tier3	d_repleta	TEMP	uncertain	d_buzzatii|d_mojavensis|d_arizonae	ARID	turnover_candidate	uncertain	turnover_candidate	turnover_candidate	turnover_candidate
repleta_group	DMEL_CRE_00331	comparison_mixed	d_repleta	TEMP	turnover_candidate	d_buzzatii|d_mojavensis|d_arizonae	ARID	mixed	turnover_candidate	present	turnover_candidate	turnover_candidate
repleta_group	DMEL_CRE_00332	all_same	d_repleta	TEMP	uncertain	d_buzzatii|d_mojavensis|d_arizonae	ARID	uncertain	uncertain	uncertain	uncertain	uncertain
repleta_group	DMEL_CRE_00333	all_same	d_repleta	TEMP	uncertain	d_buzzatii|d_mojavensis|d_arizonae	ARID	uncertain	uncertain	uncertain	uncertain	uncertain
repleta_group	DMEL_CRE_00334	tier3	d_repleta	TEMP	no_detected_CRE	d_buzzatii|d_mojavensis|d_arizonae	ARID	uncertain	no_detected_CRE	uncertain	uncertain	uncertain
repleta_group	DMEL_CRE_00335	comparison_mixed	d_repleta	TEMP	turnover_candidate	d_buzzatii|d_mojavensis|d_arizonae	ARID	mixed	turnover_candidate	no_detected_CRE	no_detected_CRE	uncertain
repleta_group	DMEL_CRE_00336	all_same	d_repleta	TEMP	no_detected_CRE	d_buzzatii|d_mojavensis|d_arizonae	ARID	no_detected_CRE	no_detected_CRE	no_detected_CRE	no_detected_CRE	no_detected_CRE
repleta_group	DMEL_CRE_00337	tier3	d_repleta	TEMP	uncertain	d_buzzatii|d_mojavensis|d_arizonae	ARID	turnover_candidate	uncertain	turnover_candidate	turnover_candidate	turnover_candidate
