group_name	dmel_cre_id	category	focal_species	focal_climate	focal_state	comparison_species	comparison_climate	comparison_consensus_state	druf	dkik	dbun	dbir	d_serrata
rufa_group	DMEL_CRE_00001	all_same	druf	TEMP	uncertain	dkik|dbun|dbir|d_serrata	TROP	uncertain	uncertain	uncertain	uncertain	uncertain	uncertain
rufa_group	DMEL_CRE_00002	all_same	druf	TEMP	uncertain	dkik|dbun|dbir|d_serrata	TROP	uncertain	uncertain	uncertain	uncertain	uncertain	uncertain
rufa_group	DMEL_CRE_00003	comparison_mixed	druf	TEMP	no_detected_CRE	dkik|dbun|dbir|d_serrata	TROP	mixed	no_detected_CRE	no_detected_CRE	no_detected_CRE	turnover_candidate	no_detected_CRE
rufa_group	DMEL_CRE_00004	comparison_mixed	druf	TEMP	turnover_candidate	dkik|dbun|dbir|d_serrata	TROP	mixed	turnover_candidate	turnover_candidate	present	turnover_candidate	turnover_candidate
rufa_group	DMEL_CRE_00005	comparison_mixed	druf	TEMP	no_detected_CRE	dkik|dbun|dbir|d_serrata	TROP	mixed	no_detected_CRE	no_detected_CRE	no_detected_CRE	turnover_candidate	no_detected_CRE
rufa_group	DMEL_CRE_00006	comparison_mixed	druf	TEMP	no_detected_CRE	dkik|dbun|dbir|d_serrata	TROP	mixed	no_detected_CRE	present	present	no_detected_CRE	present
rufa_group	DMEL_CRE_00007	all_same	druf	TEMP	no_detected_CRE	dkik|dbun|dbir|d_serrata	TROP	no_detected_CRE	no_detected_CRE	no_detected_CRE	no_detected_CRE	no_detected_CRE	no_detected_CRE
rufa_group	DMEL_CRE_00008	comparison_mixed	druf	TEMP	no_detected_CRE	dkik|dbun|dbir|d_serrata	TROP	mixed	no_detected_CRE	present	no_detected_CRE	no_detected_CRE	no_detected_CRE
rufa_group	DMEL_CRE_00009	all_same	druf	TEMP	present	dkik|dbun|dbir|d_serrata	TROP	present	present	present	present	present	present
rufa_group	DMEL_CRE_00010	comparison_mixed	druf	TEMP	present	dkik|dbun|dbir|d_serrata	TROP	mixed	present	no_detected_CRE	present	turnover_candidate	present
rufa_group	DMEL_CRE_00011	comparison_mixed	druf	TEMP	no_detected_CRE	dkik|dbun|dbir|d_serrata	TROP	mixed	no_detected_CRE	turnover_candidate	present	present	present
rufa_group	DMEL_CRE_00012	comparison_mixed	druf	TEMP	no_detected_CRE	dkik|dbun|dbir|d_serrata	TROP	mixed	no_detected_CRE	uncertain	turnover_candidate	uncertain	uncertain
rufa_group	DMEL_CRE_00013	all_same	druf	TEMP	no_detected_CRE	dkik|dbun|dbir|d_serrata	TROP	no_detected_CRE	no_detected_CRE	no_detected_CRE	no_detected_CRE	no_detected_CRE	no_detected_CRE
rufa_group	DMEL_CRE_00014	comparison_mixed	druf	TEMP	no_detected_CRE	dkik|dbun|dbir|d_serrata	TROP	mixed	no_detected_CRE	no_detected_CRE	no_detected_CRE	no_detected_CRE	turnover_candidate
rufa_group	DMEL_CRE_00015	comparison_mixed	druf	TEMP	no_detected_CRE	dkik|dbun|dbir|d_serrata	TROP	mixed	no_detected_CRE	no_detected_CRE	no_detected_CRE	no_detected_CRE	turnover_candidate
rufa_group	DMEL_CRE_00016	all_same	druf	TEMP	no_detected_CRE	dkik|dbun|dbir|d_serrata	TROP	no_detected_CRE	no_detected_CRE	no_detected_CRE	no_detected_CRE	no_detected_CRE	no_detected_CRE
rufa_group	DMEL_CRE_00017	all_same	druf	TEMP	turnover_candidate	dkik|dbun|dbir|d_serrata	TROP	turnover_candidate	turnover_candidate	turnover_candidate	turnover_candidate	turnover_candidate	turnover_candidate
rufa_group	DMEL_CRE_00018	all_same	druf	TEMP	present	dkik|dbun|dbir|d_serrata	TROP	present	present	present	present	present	present
rufa_group	DMEL_CRE_00019	comparison_mixed	druf	TEMP	turnover_candidate	dkik|dbun|dbir|d_serrata	TROP	mixed	turnover_candidate	uncertain	turnover_candidate	present	turnover_candidate
rufa_group	DMEL_CRE_00020	all_same	druf	TEMP	turnover_candidate	dkik|dbun|dbir|d_serrata	TROP	turnover_candidate	turnover_candidate	turnover_candidate	turnover_candidate	turnover_candidate	turnover_candidate
rufa_group	DMEL_CRE_00021	all_same	druf	TEMP	turnover_candidate	dkik|dbun|dbir|d_serrata	TROP	turnover_candidate	turnover_candidate	turnover_candidate	turnover_candidate	turnover_candidate	turnover_candidate
rufa_group	DMEL_CRE_00022	comparison_mixed	druf	TEMP	present	dkik|dbun|dbir|d_serrata	TROP	mixed	present	no_detected_CRE	present	present	present
rufa_group	DMEL_CRE_00023	all_same	druf	TEMP	no_detected_CRE	dkik|dbun|dbir|d_serrata	TROP	no_detected_CRE	no_detected_CRE	no_detected_CRE	no_detected_CRE	no_detected_CRE	no_detected_CRE
rufa_group	DMEL_CRE_00024	all_same	druf	TEMP	no_detected_CRE	dkik|dbun|dbir|d_serrata	TROP	no_detected_CRE	no_detected_CRE	no_detected_CRE	no_detected_CRE	no_detected_CRE	no_detected_CRE
rufa_group	DMEL_CRE_00025	all_same	druf	TEMP	no_detected_CRE	dkik|dbun|dbir|d_serrata	TROP	no_detected_CRE	no_detected_CRE	no_detected_CRE	no_detected_CRE	no_detected_CRE	no_detected_CRE
rufa_group	DMEL_CRE_00026	comparison_mixed	druf	TEMP	no_detected_CRE	dkik|dbun|dbir|d_serrata	TROP	mixed	no_detected_CRE	no_detected_CRE	no_detected_CRE	no_detected_CRE	present
rufa_group	DMEL_CRE_00027	comparison_mixed	druf	TEMP	turnover_candidate	dkik|dbun|dbir|d_serrata	TROP	mixed	turnover_candidate	no_detected_CRE	turnover_candidate	turnover_candidate	turnover_candidate
rufa_group	DMEL_CRE_00028	comparison_mixed	druf	TEMP	uncertain	dkik|dbun|dbir|d_serrata	TROP	mixed	uncertain	uncertain	no_detected_CRE	no_detected_CRE	present
rufa_group	DMEL_CRE_00029	all_same	druf	TEMP	present	dkik|dbun|dbir|d_serrata	TROP	present	present	present	present	present	present
rufa_group	DMEL_CRE_00030	all_same	druf	TEMP	turnover_candidate	dkik|dbun|dbir|d_serrata	TROP	turnover_candidate	turnover_candidate	turnover_candidate	turnover_candidate	turnover_candidate	turnover_candidate
rufa_group	DMEL_CRE_00031	all_same	druf	TEMP	turnover_candidate	dkik|dbun|dbir|d_serrata	TROP	turnover_candidate	turnover_candidate	turnover_candidate	turnover_candidate	turnover_candidate	turnover_candidate
rufa_group	DMEL_CRE_00032	comparison_mixed	druf	TEMP	uncertain	dkik|dbun|dbir|d_serrata	TROP	mixed	uncertain	turnover_candidate	turnover_candidate	uncertain	uncertain
rufa_group	DMEL_CRE_00033	all_same	druf	TEMP	no_detected_CRE	dkik|dbun|dbir|d_serrata	TROP	no_detected_CRE	no_detected_CRE	no_detected_CRE	no_detected_CRE	no_detected_CRE	no_detected_CRE
rufa_group	DMEL_CRE_00034	comparison_mixed	druf	TEMP	present	dkik|dbun|dbir|d_serrata	TROP	mixed	present	no_detected_CRE	turnover_candidate	present	present
rufa_group	DMEL_CRE_00035	comparison_mixed	druf	TEMP	no_detected_CRE	dkik|dbun|dbir|d_serrata	TROP	mixed	no_detected_CRE	uncertain	no_detected_CRE	uncertain	no_detected_CRE
rufa_group	DMEL_CRE_00036	comparison_mixed	druf	TEMP	no_detected_CRE	dkik|dbun|dbir|d_serrata	TROP	mixed	no_detected_CRE	no_detected_CRE	no_detected_CRE	no_detected_CRE	turnover_candidate
rufa_group	DMEL_CRE_00037	all_same	druf	TEMP	no_detected_CRE	dkik|dbun|dbir|d_serrata	TROP	no_detected_CRE	no_detected_CRE	no_detected_CRE	no_detected_CRE	no_detected_CRE	no_detected_CRE
rufa_group	DMEL_CRE_00038	comparison_mixed	druf	TEMP	no_detected_CRE	dkik|dbun|dbir|d_serrata	TROP	mixed	no_detected_CRE	no_detected_CRE	turnover_candidate	turnover_candidate	turnover_candidate
rufa_group	DMEL_CRE_00039	all_same	druf	TEMP	no_detected_CRE	dkik|dbun|dbir|d_serrata	TROP	no_detected_CRE	no_detected_CRE	no_detected_CRE	no_detected_CRE	no_detected_CRE	no_detected_CRE
rufa_group	DMEL_CRE_00040	all_same	druf	TEMP	no_detected_CRE	dkik|dbun|dbir|d_serrata	TROP	no_detected_CRE	no_detected_CRE	no_detected_CRE	no_detected_CRE	no_detected_CRE	no_detected_CRE
rufa_group	DMEL_CRE_00041	all_same	druf	TEMP	no_detected_CRE	dkik|dbun|dbir|d_serrata	TROP	no_detected_CRE	no_detected_CRE	no_detected_CRE	no_detected_CRE	no_detected_CRE	no_detected_CRE
rufa_group	DMEL_CRE_00042	all_same	druf	TEMP	present	dkik|dbun|dbir|d_serrata	TROP	present	present	present	present	present	present
rufa_group	DMEL_CRE_00043	comparison_mixed	druf	TEMP	turnover_candidate	dkik|dbun|dbir|d_serrata	TROP	mixed	turnover_candidate	no_detected_CRE	turnover_candidate	turnover_candidate	turnover_candidate
rufa_group	DMEL_CRE_00044	comparison_mixed	druf	TEMP	turnover_candidate	dkik|dbun|dbir|d_serrata	TROP	mixed	turnover_candidate	present	no_detected_CRE	turnover_candidate	no_detected_CRE
rufa_group	DMEL_CRE_00045	comparison_mixed	druf	TEMP	uncertain	dkik|dbun|dbir|d_serrata	TROP	mixed	uncertain	turnover_candidate	uncertain	no_detected_CRE	uncertain
rufa_group	DMEL_CRE_00046	comparison_mixed	druf	TEMP	uncertain	dkik|dbun|dbir|d_serrata	TROP	mixed	uncertain	turnover_candidate	turnover_candidate	no_detected_CRE	uncertain
rufa_group	DMEL_CRE_00047	all_same	druf	TEMP	no_detected_CRE	dkik|dbun|dbir|d_serrata	TROP	no_detected_CRE	no_detected_CRE	no_detected_CRE	no_detected_CRE	no_detected_CRE	no_detected_CRE
rufa_group	DMEL_CRE_00048	comparison_mixed	druf	TEMP	no_detected_CRE	dkik|dbun|dbir|d_serrata	TROP	mixed	no_detected_CRE	no_detected_CRE	no_detected_CRE	present	no_detected_CRE
rufa_group	DMEL_CRE_00049	comparison_mixed	druf	TEMP	present	dkik|dbun|dbir|d_serrata	TROP	mixed	present	present	no_detected_CRE	no_detected_CRE	present
rufa_group	DMEL_CRE_00050	comparison_mixed	druf	TEMP	present	dkik|dbun|dbir|d_serrata	TROP	mixed	present	turnover_candidate	no_detected_CRE	present	no_detected_CRE
rufa_group	DMEL_CRE_00051	comparison_mixed	druf	TEMP	no_detected_CRE	dkik|dbun|dbir|d_serrata	TROP	mixed	no_detected_CRE	no_detected_CRE	turnover_candidate	no_detected_CRE	turnover_candidate
rufa_group	DMEL_CRE_00052	comparison_mixed	druf	TEMP	present	dkik|dbun|dbir|d_serrata	TROP	mixed	present	turnover_candidate	present	present	present
rufa_group	DMEL_CRE_00053	comparison_mixed	druf	TEMP	turnover_candidate	dkik|dbun|dbir|d_serrata	TROP	mixed	turnover_candidate	turnover_candidate	present	turnover_candidate	present
rufa_group	DMEL_CRE_00054	all_same	druf	TEMP	turnover_candidate	dkik|dbun|dbir|d_serrata	TROP	turnover_candidate	turnover_candidate	turnover_candidate	turnover_candidate	turnover_candidate	turnover_candidate
rufa_group	DMEL_CRE_00055	tier2	druf	TEMP	no_detected_CRE	dkik|dbun|dbir|d_serrata	TROP	turnover_candidate	no_detected_CRE	turnover_candidate	turnover_candidate	turnover_candidate	turnover_candidate
rufa_group	DMEL_CRE_00056	comparison_mixed	druf	TEMP	turnover_candidate	dkik|dbun|dbir|d_serrata	TROP	mixed	turnover_candidate	no_detected_CRE	no_detected_CRE	turnover_candidate	turnover_candidate
rufa_group	DMEL_CRE_00057	comparison_mixed	druf	TEMP	turnover_candidate	dkik|dbun|dbir|d_serrata	TROP	mixed	turnover_candidate	turnover_candidate	no_detected_CRE	no_detected_CRE	turnover_candidate
rufa_group	DMEL_CRE_00058	comparison_mixed	druf	TEMP	turnover_candidate	dkik|dbun|dbir|d_serrata	TROP	mixed	turnover_candidate	turnover_candidate	no_detected_CRE	no_detected_CRE	turnover_candidate
rufa_group	DMEL_CRE_00059	comparison_mixed	druf	TEMP	uncertain	dkik|dbun|dbir|d_serrata	TROP	mixed	uncertain	no_detected_CRE	no_detected_CRE	turnover_candidate	uncertain
rufa_group	DMEL_CRE_00060	comparison_mixed	druf	TEMP	turnover_candidate	dkik|dbun|dbir|d_serrata	TROP	mixed	turnover_candidate	no_detected_CRE	no_detected_CRE	uncertain	no_detected_CRE
rufa_group	DMEL_CRE_00061	comparison_mixed	druf	TEMP	turnover_candidate	dkik|dbun|dbir|d_serrata	TROP	mixed	turnover_candidate	no_detected_CRE	turnover_candidate	no_detected_CRE	no_detected_CRE
rufa_group	DMEL_CRE_00062	all_same	druf	TEMP	no_detected_CRE	dkik|dbun|dbir|d_serrata	TROP	no_detected_CRE	no_detected_CRE	no_detected_CRE	no_detected_CRE	no_detected_CRE	no_detected_CRE
rufa_group	DMEL_CRE_00063	all_same	druf	TEMP	no_detected_CRE	dkik|dbun|dbir|d_serrata	TROP	no_detected_CRE	no_detected_CRE	no_detected_CRE	no_detected_CRE	no_detected_CRE	no_detected_CRE
rufa_group	DMEL_CRE_00064	all_same	druf	TEMP	turnover_candidate	dkik|dbun|dbir|d_serrata	TROP	turnover_candidate	turnover_candidate	turnover_candidate	turnover_candidate	turnover_candidate	turnover_candidate
rufa_group	DMEL_CRE_00065	comparison_mixed	druf	TEMP	turnover_candidate	dkik|dbun|dbir|d_serrata	TROP	mixed	turnover_candidate	turnover_candidate	turnover_candidate	turnover_candidate	present
rufa_group	DMEL_CRE_00066	all_same	druf	TEMP	no_detected_CRE	dkik|dbun|dbir|d_serrata	TROP	no_detected_CRE	no_detected_CRE	no_detected_CRE	no_detected_CRE	no_detected_CRE	no_detected_CRE
rufa_group	DMEL_CRE_00067	comparison_mixed	druf	TEMP	no_detected_CRE	dkik|dbun|dbir|d_serrata	TROP	mixed	no_detected_CRE	no_detected_CRE	turnover_candidate	turnover_candidate	no_detected_CRE
rufa_group	DMEL_CRE_00068	comparison_mixed	druf	TEMP	turnover_candidate	dkik|dbun|dbir|d_serrata	TROP	mixed	turnover_candidate	turnover_candidate	turnover_candidate	no_detected_CRE	turnover_candidate
rufa_group	DMEL_CRE_00069	comparison_mixed	druf	TEMP	turnover_candidate	dkik|dbun|dbir|d_serrata	TROP	mixed	turnover_candidate	turnover_candidate	turnover_candidate	no_detected_CRE	turnover_candidate
rufa_group	DMEL_CRE_00070	all_same	druf	TEMP	no_detected_CRE	dkik|dbun|dbir|d_serrata	TROP	no_detected_CRE	no_detected_CRE	no_detected_CRE	no_detected_CRE	no_detected_CRE	no_detected_CRE
rufa_group	DMEL_CRE_00071	all_same	druf	TEMP	no_detected_CRE	dkik|dbun|dbir|d_serrata	TROP	no_detected_CRE	no_detected_CRE	no_detected_CRE	no_detected_CRE	no_detected_CRE	no_detected_CRE
rufa_group	DMEL_CRE_00072	comparison_mixed	druf	TEMP	present	dkik|dbun|dbir|d_serrata	TROP	mixed	present	no_detected_CRE	no_detected_CRE	present	present
rufa_group	DMEL_CRE_00073	all_same	druf	TEMP	no_detected_CRE	dkik|dbun|dbir|d_serrata	TROP	no_detected_CRE	no_detected_CRE	no_detected_CRE	no_detected_CRE	no_detected_CRE	no_detected_CRE
rufa_group	DMEL_CRE_00074	all_same	druf	TEMP	present	dkik|dbun|dbir|d_serrata	TROP	present	present	present	present	present	present
rufa_group	DMEL_CRE_00075	all_same	druf	TEMP	no_detected_CRE	dkik|dbun|dbir|d_serrata	TROP	no_detected_CRE	no_detected_CRE	no_detected_CRE	no_detected_CRE	no_detected_CRE	no_detected_CRE
rufa_group	DMEL_CRE_00076	all_same	druf	TEMP	uncertain	dkik|dbun|dbir|d_serrata	TROP	uncertain	uncertain	uncertain	uncertain	uncertain	uncertain
rufa_group	DMEL_CRE_00077	comparison_mixed	druf	TEMP	turnover_candidate	dkik|dbun|dbir|d_serrata	TROP	mixed	turnover_candidate	turnover_candidate	turnover_candidate	turnover_candidate	no_detected_CRE
rufa_group	DMEL_CRE_00078	comparison_mixed	druf	TEMP	turnover_candidate	dkik|dbun|dbir|d_serrata	TROP	mixed	turnover_candidate	turnover_candidate	turnover_candidate	turnover_candidate	no_detected_CRE
rufa_group	DMEL_CRE_00079	comparison_mixed	druf	TEMP	turnover_candidate	dkik|dbun|dbir|d_serrata	TROP	mixed	turnover_candidate	turnover_candidate	turnover_candidate	turnover_candidate	no_detected_CRE
rufa_group	DMEL_CRE_00080	comparison_mixed	druf	TEMP	turnover_candidate	dkik|dbun|dbir|d_serrata	TROP	mixed	turnover_candidate	present	turnover_candidate	turnover_candidate	no_detected_CRE
rufa_group	DMEL_CRE_00081	comparison_mixed	druf	TEMP	no_detected_CRE	dkik|dbun|dbir|d_serrata	TROP	mixed	no_detected_CRE	no_detected_CRE	no_detected_CRE	present	no_detected_CRE
rufa_group	DMEL_CRE_00082	comparison_mixed	druf	TEMP	turnover_candidate	dkik|dbun|dbir|d_serrata	TROP	mixed	turnover_candidate	turnover_candidate	turnover_candidate	present	turnover_candidate
rufa_group	DMEL_CRE_00083	all_same	druf	TEMP	uncertain	dkik|dbun|dbir|d_serrata	TROP	uncertain	uncertain	uncertain	uncertain	uncertain	uncertain
rufa_group	DMEL_CRE_00084	all_same	druf	TEMP	turnover_candidate	dkik|dbun|dbir|d_serrata	TROP	turnover_candidate	turnover_candidate	turnover_candidate	turnover_candidate	turnover_candidate	turnover_candidate
rufa_group	DMEL_CRE_00085	comparison_mixed	druf	TEMP	no_detected_CRE	dkik|dbun|dbir|d_serrata	TROP	mixed	no_detected_CRE	no_detected_CRE	no_detected_CRE	present	no_detected_CRE
rufa_group	DMEL_CRE_00086	comparison_mixed	druf	TEMP	uncertain	dkik|dbun|dbir|d_serrata	TROP	mixed	uncertain	uncertain	no_detected_CRE	no_detected_CRE	no_detected_CRE
rufa_group	DMEL_CRE_00087	tier2	druf	TEMP	no_detected_CRE	dkik|dbun|dbir|d_serrata	TROP	present	no_detected_CRE	present	present	present	present
rufa_group	DMEL_CRE_00088	all_same	druf	TEMP	no_detected_CRE	dkik|dbun|dbir|d_serrata	TROP	no_detected_CRE	no_detected_CRE	no_detected_CRE	no_detected_CRE	no_detected_CRE	no_detected_CRE
rufa_group	DMEL_CRE_00089	all_same	druf	TEMP	no_detected_CRE	dkik|dbun|dbir|d_serrata	TROP	no_detected_CRE	no_detected_CRE	no_detected_CRE	no_detected_CRE	no_detected_CRE	no_detected_CRE
rufa_group	DMEL_CRE_00090	comparison_mixed	druf	TEMP	no_detected_CRE	dkik|dbun|dbir|d_serrata	TROP	mixed	no_detected_CRE	no_detected_CRE	present	no_detected_CRE	no_detected_CRE
rufa_group	DMEL_CRE_00091	all_same	druf	TEMP	no_detected_CRE	dkik|dbun|dbir|d_serrata	TROP	no_detected_CRE	no_detected_CRE	no_detected_CRE	no_detected_CRE	no_detected_CRE	no_detected_CRE
rufa_group	DMEL_CRE_00092	comparison_mixed	druf	TEMP	uncertain	dkik|dbun|dbir|d_serrata	TROP	mixed	uncertain	uncertain	no_detected_CRE	uncertain	uncertain
rufa_group	DMEL_CRE_00093	comparison_mixed	druf	TEMP	no_detected_CRE	dkik|dbun|dbir|d_serrata	TROP	mixed	no_detected_CRE	turnover_candidate	no_detected_CRE	turnover_candidate	turnover_candidate
rufa_group	DMEL_CRE_00094	all_same	druf	TEMP	present	dkik|dbun|dbir|d_serrata	TROP	present	present	present	present	present	present
rufa_group	DMEL_CRE_00095	comparison_mixed	druf	TEMP	no_detected_CRE	dkik|dbun|dbir|d_serrata	TROP	mixed	no_detected_CRE	present	no_detected_CRE	no_detected_CRE	no_detected_CRE
rufa_group	DMEL_CRE_00096	comparison_mixed	druf	TEMP	no_detected_CRE	dkik|dbun|dbir|d_serrata	TROP	mixed	no_detected_CRE	no_detected_CRE	no_detected_CRE	no_detected_CRE	turnover_candidate
rufa_group	DMEL_CRE_00097	comparison_mixed	druf	TEMP	no_detected_CRE	dkik|dbun|dbir|d_serrata	TROP	mixed	no_detected_CRE	no_detected_CRE	no_detected_CRE	no_detected_CRE	turnover_candidate
rufa_group	DMEL_CRE_00098	all_same	druf	TEMP	no_detected_CRE	dkik|dbun|dbir|d_serrata	TROP	no_detected_CRE	no_detected_CRE	no_detected_CRE	no_detected_CRE	no_detected_CRE	no_detected_CRE
rufa_group	DMEL_CRE_00099	all_same	druf	TEMP	uncertain	dkik|dbun|dbir|d_serrata	TROP	uncertain	uncertain	uncertain	uncertain	uncertain	uncertain
rufa_group	DMEL_CRE_00100	all_same	druf	TEMP	no_detected_CRE	dkik|dbun|dbir|d_serrata	TROP	no_detected_CRE	no_detected_CRE	no_detected_CRE	no_detected_CRE	no_detected_CRE	no_detected_CRE
rufa_group	DMEL_CRE_00101	comparison_mixed	druf	TEMP	uncertain	dkik|dbun|dbir|d_serrata	TROP	mixed	uncertain	uncertain	uncertain	uncertain	no_detected_CRE
rufa_group	DMEL_CRE_00102	all_same	druf	TEMP	no_detected_CRE	dkik|dbun|dbir|d_serrata	TROP	no_detected_CRE	no_detected_CRE	no_detected_CRE	no_detected_CRE	no_detected_CRE	no_detected_CRE
rufa_group	DMEL_CRE_00103	comparison_mixed	druf	TEMP	uncertain	dkik|dbun|dbir|d_serrata	TROP	mixed	uncertain	no_detected_CRE	turnover_candidate	uncertain	no_detected_CRE
rufa_group	DMEL_CRE_00104	comparison_mixed	druf	TEMP	turnover_candidate	dkik|dbun|dbir|d_serrata	TROP	mixed	turnover_candidate	no_detected_CRE	no_detected_CRE	no_detected_CRE	turnover_candidate
rufa_group	DMEL_CRE_00105	all_same	druf	TEMP	no_detected_CRE	dkik|dbun|dbir|d_serrata	TROP	no_detected_CRE	no_detected_CRE	no_detected_CRE	no_detected_CRE	no_detected_CRE	no_detected_CRE
rufa_group	DMEL_CRE_00106	comparison_mixed	druf	TEMP	no_detected_CRE	dkik|dbun|dbir|d_serrata	TROP	mixed	no_detected_CRE	turnover_candidate	no_detected_CRE	present	no_detected_CRE
rufa_group	DMEL_CRE_00107	comparison_mixed	druf	TEMP	uncertain	dkik|dbun|dbir|d_serrata	TROP	mixed	uncertain	present	no_detected_CRE	turnover_candidate	no_detected_CRE
rufa_group	DMEL_CRE_00108	tier2	druf	TEMP	turnover_candidate	dkik|dbun|dbir|d_serrata	TROP	no_detected_CRE	turnover_candidate	no_detected_CRE	no_detected_CRE	no_detected_CRE	no_detected_CRE
rufa_group	DMEL_CRE_00109	all_same	druf	TEMP	uncertain	dkik|dbun|dbir|d_serrata	TROP	uncertain	uncertain	uncertain	uncertain	uncertain	uncertain
rufa_group	DMEL_CRE_00110	all_same	druf	TEMP	uncertain	dkik|dbun|dbir|d_serrata	TROP	uncertain	uncertain	uncertain	uncertain	uncertain	uncertain
rufa_group	DMEL_CRE_00111	comparison_mixed	druf	TEMP	turnover_candidate	dkik|dbun|dbir|d_serrata	TROP	mixed	turnover_candidate	turnover_candidate	turnover_candidate	no_detected_CRE	no_detected_CRE
rufa_group	DMEL_CRE_00112	all_same	druf	TEMP	uncertain	dkik|dbun|dbir|d_serrata	TROP	uncertain	uncertain	uncertain	uncertain	uncertain	uncertain
rufa_group	DMEL_CRE_00113	comparison_mixed	druf	TEMP	turnover_candidate	dkik|dbun|dbir|d_serrata	TROP	mixed	turnover_candidate	no_detected_CRE	no_detected_CRE	turnover_candidate	no_detected_CRE
rufa_group	DMEL_CRE_00114	comparison_mixed	druf	TEMP	present	dkik|dbun|dbir|d_serrata	TROP	mixed	present	present	present	present	no_detected_CRE
rufa_group	DMEL_CRE_00115	comparison_mixed	druf	TEMP	no_detected_CRE	dkik|dbun|dbir|d_serrata	TROP	mixed	no_detected_CRE	no_detected_CRE	turnover_candidate	no_detected_CRE	no_detected_CRE
rufa_group	DMEL_CRE_00116	all_same	druf	TEMP	no_detected_CRE	dkik|dbun|dbir|d_serrata	TROP	no_detected_CRE	no_detected_CRE	no_detected_CRE	no_detected_CRE	no_detected_CRE	no_detected_CRE
rufa_group	DMEL_CRE_00117	comparison_mixed	druf	TEMP	no_detected_CRE	dkik|dbun|dbir|d_serrata	TROP	mixed	no_detected_CRE	turnover_candidate	turnover_candidate	no_detected_CRE	no_detected_CRE
rufa_group	DMEL_CRE_00118	comparison_mixed	druf	TEMP	turnover_candidate	dkik|dbun|dbir|d_serrata	TROP	mixed	turnover_candidate	turnover_candidate	no_detected_CRE	no_detected_CRE	no_detected_CRE
rufa_group	DMEL_CRE_00119	comparison_mixed	druf	TEMP	present	dkik|dbun|dbir|d_serrata	TROP	mixed	present	no_detected_CRE	no_detected_CRE	present	no_detected_CRE
rufa_group	DMEL_CRE_00120	comparison_mixed	druf	TEMP	turnover_candidate	dkik|dbun|dbir|d_serrata	TROP	mixed	turnover_candidate	turnover_candidate	present	present	turnover_candidate
rufa_group	DMEL_CRE_00121	comparison_mixed	druf	TEMP	present	dkik|dbun|dbir|d_serrata	TROP	mixed	present	turnover_candidate	present	turnover_candidate	present
rufa_group	DMEL_CRE_00122	all_same	druf	TEMP	present	dkik|dbun|dbir|d_serrata	TROP	present	present	present	present	present	present
rufa_group	DMEL_CRE_00123	comparison_mixed	druf	TEMP	no_detected_CRE	dkik|dbun|dbir|d_serrata	TROP	mixed	no_detected_CRE	turnover_candidate	turnover_candidate	no_detected_CRE	no_detected_CRE
rufa_group	DMEL_CRE_00124	all_same	druf	TEMP	no_detected_CRE	dkik|dbun|dbir|d_serrata	TROP	no_detected_CRE	no_detected_CRE	no_detected_CRE	no_detected_CRE	no_detected_CRE	no_detected_CRE
rufa_group	DMEL_CRE_00125	comparison_mixed	druf	TEMP	uncertain	dkik|dbun|dbir|d_serrata	TROP	mixed	uncertain	no_detected_CRE	uncertain	uncertain	uncertain
rufa_group	DMEL_CRE_00126	comparison_mixed	druf	TEMP	present	dkik|dbun|dbir|d_serrata	TROP	mixed	present	turnover_candidate	turnover_candidate	turnover_candidate	no_detected_CRE
rufa_group	DMEL_CRE_00127	comparison_mixed	druf	TEMP	no_detected_CRE	dkik|dbun|dbir|d_serrata	TROP	mixed	no_detected_CRE	uncertain	uncertain	uncertain	no_detected_CRE
rufa_group	DMEL_CRE_00128	all_same	druf	TEMP	uncertain	dkik|dbun|dbir|d_serrata	TROP	uncertain	uncertain	uncertain	uncertain	uncertain	uncertain
rufa_group	DMEL_CRE_00129	all_same	druf	TEMP	no_detected_CRE	dkik|dbun|dbir|d_serrata	TROP	no_detected_CRE	no_detected_CRE	no_detected_CRE	no_detected_CRE	no_detected_CRE	no_detected_CRE
rufa_group	DMEL_CRE_00130	tier2	druf	TEMP	no_detected_CRE	dkik|dbun|dbir|d_serrata	TROP	present	no_detected_CRE	present	present	present	present
rufa_group	DMEL_CRE_00131	comparison_mixed	druf	TEMP	turnover_candidate	dkik|dbun|dbir|d_serrata	TROP	mixed	turnover_candidate	turnover_candidate	present	turnover_candidate	present
rufa_group	DMEL_CRE_00132	comparison_mixed	druf	TEMP	no_detected_CRE	dkik|dbun|dbir|d_serrata	TROP	mixed	no_detected_CRE	turnover_candidate	present	present	present
rufa_group	DMEL_CRE_00133	all_same	druf	TEMP	no_detected_CRE	dkik|dbun|dbir|d_serrata	TROP	no_detected_CRE	no_detected_CRE	no_detected_CRE	no_detected_CRE	no_detected_CRE	no_detected_CRE
rufa_group	DMEL_CRE_00134	all_same	druf	TEMP	uncertain	dkik|dbun|dbir|d_serrata	TROP	uncertain	uncertain	uncertain	uncertain	uncertain	uncertain
rufa_group	DMEL_CRE_00135	comparison_mixed	druf	TEMP	no_detected_CRE	dkik|dbun|dbir|d_serrata	TROP	mixed	no_detected_CRE	no_detected_CRE	turnover_candidate	no_detected_CRE	no_detected_CRE
rufa_group	DMEL_CRE_00136	all_same	druf	TEMP	no_detected_CRE	dkik|dbun|dbir|d_serrata	TROP	no_detected_CRE	no_detected_CRE	no_detected_CRE	no_detected_CRE	no_detected_CRE	no_detected_CRE
rufa_group	DMEL_CRE_00137	all_same	druf	TEMP	no_detected_CRE	dkik|dbun|dbir|d_serrata	TROP	no_detected_CRE	no_detected_CRE	no_detected_CRE	no_detected_CRE	no_detected_CRE	no_detected_CRE
rufa_group	DMEL_CRE_00138	comparison_mixed	druf	TEMP	no_detected_CRE	dkik|dbun|dbir|d_serrata	TROP	mixed	no_detected_CRE	no_detected_CRE	present	no_detected_CRE	no_detected_CRE
rufa_group	DMEL_CRE_00139	tier2	druf	TEMP	no_detected_CRE	dkik|dbun|dbir|d_serrata	TROP	present	no_detected_CRE	present	present	present	present
rufa_group	DMEL_CRE_00140	comparison_mixed	druf	TEMP	no_detected_CRE	dkik|dbun|dbir|d_serrata	TROP	mixed	no_detected_CRE	turnover_candidate	no_detected_CRE	turnover_candidate	no_detected_CRE
rufa_group	DMEL_CRE_00141	tier2	druf	TEMP	turnover_candidate	dkik|dbun|dbir|d_serrata	TROP	no_detected_CRE	turnover_candidate	no_detected_CRE	no_detected_CRE	no_detected_CRE	no_detected_CRE
rufa_group	DMEL_CRE_00142	all_same	druf	TEMP	no_detected_CRE	dkik|dbun|dbir|d_serrata	TROP	no_detected_CRE	no_detected_CRE	no_detected_CRE	no_detected_CRE	no_detected_CRE	no_detected_CRE
rufa_group	DMEL_CRE_00143	comparison_mixed	druf	TEMP	no_detected_CRE	dkik|dbun|dbir|d_serrata	TROP	mixed	no_detected_CRE	no_detected_CRE	turnover_candidate	no_detected_CRE	no_detected_CRE
rufa_group	DMEL_CRE_00144	comparison_mixed	druf	TEMP	turnover_candidate	dkik|dbun|dbir|d_serrata	TROP	mixed	turnover_candidate	no_detected_CRE	no_detected_CRE	turnover_candidate	no_detected_CRE
rufa_group	DMEL_CRE_00145	comparison_mixed	druf	TEMP	present	dkik|dbun|dbir|d_serrata	TROP	mixed	present	no_detected_CRE	turnover_candidate	present	no_detected_CRE
rufa_group	DMEL_CRE_00146	all_same	druf	TEMP	present	dkik|dbun|dbir|d_serrata	TROP	present	present	present	present	present	present
rufa_group	DMEL_CRE_00147	tier2	druf	TEMP	turnover_candidate	dkik|dbun|dbir|d_serrata	TROP	no_detected_CRE	turnover_candidate	no_detected_CRE	no_detected_CRE	no_detected_CRE	no_detected_CRE
rufa_group	DMEL_CRE_00148	tier2	druf	TEMP	present	dkik|dbun|dbir|d_serrata	TROP	no_detected_CRE	present	no_detected_CRE	no_detected_CRE	no_detected_CRE	no_detected_CRE
rufa_group	DMEL_CRE_00149	all_same	druf	TEMP	no_detected_CRE	dkik|dbun|dbir|d_serrata	TROP	no_detected_CRE	no_detected_CRE	no_detected_CRE	no_detected_CRE	no_detected_CRE	no_detected_CRE
rufa_group	DMEL_CRE_00150	all_same	druf	TEMP	no_detected_CRE	dkik|dbun|dbir|d_serrata	TROP	no_detected_CRE	no_detected_CRE	no_detected_CRE	no_detected_CRE	no_detected_CRE	no_detected_CRE
rufa_group	DMEL_CRE_00151	tier1	druf	TEMP	turnover_candidate	dkik|dbun|dbir|d_serrata	TROP	present	turnover_candidate	present	present	present	present
rufa_group	DMEL_CRE_00152	all_same	druf	TEMP	turnover_candidate	dkik|dbun|dbir|d_serrata	TROP	turnover_candidate	turnover_candidate	turnover_candidate	turnover_candidate	turnover_candidate	turnover_candidate
rufa_group	DMEL_CRE_00153	all_same	druf	TEMP	present	dkik|dbun|dbir|d_serrata	TROP	present	present	present	present	present	present
rufa_group	DMEL_CRE_00154	tier1	druf	TEMP	turnover_candidate	dkik|dbun|dbir|d_serrata	TROP	present	turnover_candidate	present	present	present	present
rufa_group	DMEL_CRE_00155	all_same	druf	TEMP	no_detected_CRE	dkik|dbun|dbir|d_serrata	TROP	no_detected_CRE	no_detected_CRE	no_detected_CRE	no_detected_CRE	no_detected_CRE	no_detected_CRE
rufa_group	DMEL_CRE_00156	all_same	druf	TEMP	no_detected_CRE	dkik|dbun|dbir|d_serrata	TROP	no_detected_CRE	no_detected_CRE	no_detected_CRE	no_detected_CRE	no_detected_CRE	no_detected_CRE
rufa_group	DMEL_CRE_00157	comparison_mixed	druf	TEMP	turnover_candidate	dkik|dbun|dbir|d_serrata	TROP	mixed	turnover_candidate	no_detected_CRE	present	no_detected_CRE	present
rufa_group	DMEL_CRE_00158	comparison_mixed	druf	TEMP	no_detected_CRE	dkik|dbun|dbir|d_serrata	TROP	mixed	no_detected_CRE	no_detected_CRE	no_detected_CRE	no_detected_CRE	turnover_candidate
rufa_group	DMEL_CRE_00159	all_same	druf	TEMP	no_detected_CRE	dkik|dbun|dbir|d_serrata	TROP	no_detected_CRE	no_detected_CRE	no_detected_CRE	no_detected_CRE	no_detected_CRE	no_detected_CRE
rufa_group	DMEL_CRE_00160	comparison_mixed	druf	TEMP	no_detected_CRE	dkik|dbun|dbir|d_serrata	TROP	mixed	no_detected_CRE	uncertain	uncertain	no_detected_CRE	no_detected_CRE
rufa_group	DMEL_CRE_00161	all_same	druf	TEMP	no_detected_CRE	dkik|dbun|dbir|d_serrata	TROP	no_detected_CRE	no_detected_CRE	no_detected_CRE	no_detected_CRE	no_detected_CRE	no_detected_CRE
rufa_group	DMEL_CRE_00162	all_same	druf	TEMP	no_detected_CRE	dkik|dbun|dbir|d_serrata	TROP	no_detected_CRE	no_detected_CRE	no_detected_CRE	no_detected_CRE	no_detected_CRE	no_detected_CRE
rufa_group	DMEL_CRE_00163	all_same	druf	TEMP	no_detected_CRE	dkik|dbun|dbir|d_serrata	TROP	no_detected_CRE	no_detected_CRE	no_detected_CRE	no_detected_CRE	no_detected_CRE	no_detected_CRE
rufa_group	DMEL_CRE_00164	all_same	druf	TEMP	turnover_candidate	dkik|dbun|dbir|d_serrata	TROP	turnover_candidate	turnover_candidate	turnover_candidate	turnover_candidate	turnover_candidate	turnover_candidate
rufa_group	DMEL_CRE_00165	comparison_mixed	druf	TEMP	no_detected_CRE	dkik|dbun|dbir|d_serrata	TROP	mixed	no_detected_CRE	turnover_candidate	turnover_candidate	turnover_candidate	no_detected_CRE
rufa_group	DMEL_CRE_00166	all_same	druf	TEMP	no_detected_CRE	dkik|dbun|dbir|d_serrata	TROP	no_detected_CRE	no_detected_CRE	no_detected_CRE	no_detected_CRE	no_detected_CRE	no_detected_CRE
rufa_group	DMEL_CRE_00167	comparison_mixed	druf	TEMP	no_detected_CRE	dkik|dbun|dbir|d_serrata	TROP	mixed	no_detected_CRE	turnover_candidate	no_detected_CRE	turnover_candidate	turnover_candidate
rufa_group	DMEL_CRE_00168	comparison_mixed	druf	TEMP	no_detected_CRE	dkik|dbun|dbir|d_serrata	TROP	mixed	no_detected_CRE	no_detected_CRE	no_detected_CRE	no_detected_CRE	turnover_candidate
rufa_group	DMEL_CRE_00169	comparison_mixed	druf	TEMP	no_detected_CRE	dkik|dbun|dbir|d_serrata	TROP	mixed	no_detected_CRE	no_detected_CRE	no_detected_CRE	turnover_candidate	turnover_candidate
rufa_group	DMEL_CRE_00170	tier2	druf	TEMP	no_detected_CRE	dkik|dbun|dbir|d_serrata	TROP	turnover_candidate	no_detected_CRE	turnover_candidate	turnover_candidate	turnover_candidate	turnover_candidate
rufa_group	DMEL_CRE_00171	all_same	druf	TEMP	no_detected_CRE	dkik|dbun|dbir|d_serrata	TROP	no_detected_CRE	no_detected_CRE	no_detected_CRE	no_detected_CRE	no_detected_CRE	no_detected_CRE
rufa_group	DMEL_CRE_00172	all_same	druf	TEMP	no_detected_CRE	dkik|dbun|dbir|d_serrata	TROP	no_detected_CRE	no_detected_CRE	no_detected_CRE	no_detected_CRE	no_detected_CRE	no_detected_CRE
rufa_group	DMEL_CRE_00173	comparison_mixed	druf	TEMP	no_detected_CRE	dkik|dbun|dbir|d_serrata	TROP	mixed	no_detected_CRE	uncertain	no_detected_CRE	uncertain	uncertain
rufa_group	DMEL_CRE_00174	all_same	druf	TEMP	turnover_candidate	dkik|dbun|dbir|d_serrata	TROP	turnover_candidate	turnover_candidate	turnover_candidate	turnover_candidate	turnover_candidate	turnover_candidate
rufa_group	DMEL_CRE_00175	all_same	druf	TEMP	turnover_candidate	dkik|dbun|dbir|d_serrata	TROP	turnover_candidate	turnover_candidate	turnover_candidate	turnover_candidate	turnover_candidate	turnover_candidate
rufa_group	DMEL_CRE_00176	comparison_mixed	druf	TEMP	present	dkik|dbun|dbir|d_serrata	TROP	mixed	present	no_detected_CRE	present	no_detected_CRE	no_detected_CRE
rufa_group	DMEL_CRE_00177	comparison_mixed	druf	TEMP	no_detected_CRE	dkik|dbun|dbir|d_serrata	TROP	mixed	no_detected_CRE	no_detected_CRE	uncertain	uncertain	uncertain
rufa_group	DMEL_CRE_00178	comparison_mixed	druf	TEMP	turnover_candidate	dkik|dbun|dbir|d_serrata	TROP	mixed	turnover_candidate	turnover_candidate	present	turnover_candidate	turnover_candidate
rufa_group	DMEL_CRE_00179	all_same	druf	TEMP	no_detected_CRE	dkik|dbun|dbir|d_serrata	TROP	no_detected_CRE	no_detected_CRE	no_detected_CRE	no_detected_CRE	no_detected_CRE	no_detected_CRE
rufa_group	DMEL_CRE_00180	all_same	druf	TEMP	no_detected_CRE	dkik|dbun|dbir|d_serrata	TROP	no_detected_CRE	no_detected_CRE	no_detected_CRE	no_detected_CRE	no_detected_CRE	no_detected_CRE
rufa_group	DMEL_CRE_00181	comparison_mixed	druf	TEMP	uncertain	dkik|dbun|dbir|d_serrata	TROP	mixed	uncertain	no_detected_CRE	uncertain	uncertain	uncertain
rufa_group	DMEL_CRE_00182	comparison_mixed	druf	TEMP	turnover_candidate	dkik|dbun|dbir|d_serrata	TROP	mixed	turnover_candidate	turnover_candidate	turnover_candidate	no_detected_CRE	no_detected_CRE
rufa_group	DMEL_CRE_00183	comparison_mixed	druf	TEMP	turnover_candidate	dkik|dbun|dbir|d_serrata	TROP	mixed	turnover_candidate	turnover_candidate	no_detected_CRE	no_detected_CRE	no_detected_CRE
rufa_group	DMEL_CRE_00184	comparison_mixed	druf	TEMP	no_detected_CRE	dkik|dbun|dbir|d_serrata	TROP	mixed	no_detected_CRE	no_detected_CRE	no_detected_CRE	present	no_detected_CRE
rufa_group	DMEL_CRE_00185	all_same	druf	TEMP	no_detected_CRE	dkik|dbun|dbir|d_serrata	TROP	no_detected_CRE	no_detected_CRE	no_detected_CRE	no_detected_CRE	no_detected_CRE	no_detected_CRE
rufa_group	DMEL_CRE_00186	all_same	druf	TEMP	turnover_candidate	dkik|dbun|dbir|d_serrata	TROP	turnover_candidate	turnover_candidate	turnover_candidate	turnover_candidate	turnover_candidate	turnover_candidate
rufa_group	DMEL_CRE_00187	tier2	druf	TEMP	no_detected_CRE	dkik|dbun|dbir|d_serrata	TROP	present	no_detected_CRE	present	present	present	present
rufa_group	DMEL_CRE_00188	comparison_mixed	druf	TEMP	no_detected_CRE	dkik|dbun|dbir|d_serrata	TROP	mixed	no_detected_CRE	uncertain	uncertain	no_detected_CRE	uncertain
rufa_group	DMEL_CRE_00189	tier2	druf	TEMP	turnover_candidate	dkik|dbun|dbir|d_serrata	TROP	no_detected_CRE	turnover_candidate	no_detected_CRE	no_detected_CRE	no_detected_CRE	no_detected_CRE
rufa_group	DMEL_CRE_00190	all_same	druf	TEMP	no_detected_CRE	dkik|dbun|dbir|d_serrata	TROP	no_detected_CRE	no_detected_CRE	no_detected_CRE	no_detected_CRE	no_detected_CRE	no_detected_CRE
rufa_group	DMEL_CRE_00191	all_same	druf	TEMP	no_detected_CRE	dkik|dbun|dbir|d_serrata	TROP	no_detected_CRE	no_detected_CRE	no_detected_CRE	no_detected_CRE	no_detected_CRE	no_detected_CRE
rufa_group	DMEL_CRE_00192	all_same	druf	TEMP	uncertain	dkik|dbun|dbir|d_serrata	TROP	uncertain	uncertain	uncertain	uncertain	uncertain	uncertain
rufa_group	DMEL_CRE_00193	comparison_mixed	druf	TEMP	present	dkik|dbun|dbir|d_serrata	TROP	mixed	present	present	turnover_candidate	no_detected_CRE	turnover_candidate
rufa_group	DMEL_CRE_00194	all_same	druf	TEMP	no_detected_CRE	dkik|dbun|dbir|d_serrata	TROP	no_detected_CRE	no_detected_CRE	no_detected_CRE	no_detected_CRE	no_detected_CRE	no_detected_CRE
rufa_group	DMEL_CRE_00195	comparison_mixed	druf	TEMP	no_detected_CRE	dkik|dbun|dbir|d_serrata	TROP	mixed	no_detected_CRE	no_detected_CRE	no_detected_CRE	present	no_detected_CRE
rufa_group	DMEL_CRE_00196	comparison_mixed	druf	TEMP	present	dkik|dbun|dbir|d_serrata	TROP	mixed	present	no_detected_CRE	turnover_candidate	no_detected_CRE	present
rufa_group	DMEL_CRE_00197	comparison_mixed	druf	TEMP	present	dkik|dbun|dbir|d_serrata	TROP	mixed	present	present	no_detected_CRE	turnover_candidate	turnover_candidate
rufa_group	DMEL_CRE_00198	all_same	druf	TEMP	no_detected_CRE	dkik|dbun|dbir|d_serrata	TROP	no_detected_CRE	no_detected_CRE	no_detected_CRE	no_detected_CRE	no_detected_CRE	no_detected_CRE
rufa_group	DMEL_CRE_00199	all_same	druf	TEMP	no_detected_CRE	dkik|dbun|dbir|d_serrata	TROP	no_detected_CRE	no_detected_CRE	no_detected_CRE	no_detected_CRE	no_detected_CRE	no_detected_CRE
rufa_group	DMEL_CRE_00200	all_same	druf	TEMP	no_detected_CRE	dkik|dbun|dbir|d_serrata	TROP	no_detected_CRE	no_detected_CRE	no_detected_CRE	no_detected_CRE	no_detected_CRE	no_detected_CRE
rufa_group	DMEL_CRE_00201	comparison_mixed	druf	TEMP	no_detected_CRE	dkik|dbun|dbir|d_serrata	TROP	mixed	no_detected_CRE	no_detected_CRE	no_detected_CRE	present	turnover_candidate
rufa_group	DMEL_CRE_00202	comparison_mixed	druf	TEMP	turnover_candidate	dkik|dbun|dbir|d_serrata	TROP	mixed	turnover_candidate	present	no_detected_CRE	present	no_detected_CRE
rufa_group	DMEL_CRE_00203	tier2	druf	TEMP	turnover_candidate	dkik|dbun|dbir|d_serrata	TROP	no_detected_CRE	turnover_candidate	no_detected_CRE	no_detected_CRE	no_detected_CRE	no_detected_CRE
rufa_group	DMEL_CRE_00204	all_same	druf	TEMP	no_detected_CRE	dkik|dbun|dbir|d_serrata	TROP	no_detected_CRE	no_detected_CRE	no_detected_CRE	no_detected_CRE	no_detected_CRE	no_detected_CRE
rufa_group	DMEL_CRE_00205	all_same	druf	TEMP	present	dkik|dbun|dbir|d_serrata	TROP	present	present	present	present	present	present
rufa_group	DMEL_CRE_00206	comparison_mixed	druf	TEMP	no_detected_CRE	dkik|dbun|dbir|d_serrata	TROP	mixed	no_detected_CRE	no_detected_CRE	no_detected_CRE	no_detected_CRE	turnover_candidate
rufa_group	DMEL_CRE_00207	all_same	druf	TEMP	no_detected_CRE	dkik|dbun|dbir|d_serrata	TROP	no_detected_CRE	no_detected_CRE	no_detected_CRE	no_detected_CRE	no_detected_CRE	no_detected_CRE
rufa_group	DMEL_CRE_00208	all_same	druf	TEMP	no_detected_CRE	dkik|dbun|dbir|d_serrata	TROP	no_detected_CRE	no_detected_CRE	no_detected_CRE	no_detected_CRE	no_detected_CRE	no_detected_CRE
rufa_group	DMEL_CRE_00209	comparison_mixed	druf	TEMP	turnover_candidate	dkik|dbun|dbir|d_serrata	TROP	mixed	turnover_candidate	no_detected_CRE	turnover_candidate	turnover_candidate	turnover_candidate
rufa_group	DMEL_CRE_00210	all_same	druf	TEMP	no_detected_CRE	dkik|dbun|dbir|d_serrata	TROP	no_detected_CRE	no_detected_CRE	no_detected_CRE	no_detected_CRE	no_detected_CRE	no_detected_CRE
rufa_group	DMEL_CRE_00211	all_same	druf	TEMP	no_detected_CRE	dkik|dbun|dbir|d_serrata	TROP	no_detected_CRE	no_detected_CRE	no_detected_CRE	no_detected_CRE	no_detected_CRE	no_detected_CRE
rufa_group	DMEL_CRE_00212	comparison_mixed	druf	TEMP	no_detected_CRE	dkik|dbun|dbir|d_serrata	TROP	mixed	no_detected_CRE	no_detected_CRE	turnover_candidate	turnover_candidate	no_detected_CRE
rufa_group	DMEL_CRE_00213	tier2	druf	TEMP	turnover_candidate	dkik|dbun|dbir|d_serrata	TROP	no_detected_CRE	turnover_candidate	no_detected_CRE	no_detected_CRE	no_detected_CRE	no_detected_CRE
rufa_group	DMEL_CRE_00214	all_same	druf	TEMP	no_detected_CRE	dkik|dbun|dbir|d_serrata	TROP	no_detected_CRE	no_detected_CRE	no_detected_CRE	no_detected_CRE	no_detected_CRE	no_detected_CRE
rufa_group	DMEL_CRE_00215	all_same	druf	TEMP	no_detected_CRE	dkik|dbun|dbir|d_serrata	TROP	no_detected_CRE	no_detected_CRE	no_detected_CRE	no_detected_CRE	no_detected_CRE	no_detected_CRE
rufa_group	DMEL_CRE_00216	all_same	druf	TEMP	turnover_candidate	dkik|dbun|dbir|d_serrata	TROP	turnover_candidate	turnover_candidate	turnover_candidate	turnover_candidate	turnover_candidate	turnover_candidate
rufa_group	DMEL_CRE_00217	comparison_mixed	druf	TEMP	no_detected_CRE	dkik|dbun|dbir|d_serrata	TROP	mixed	no_detected_CRE	no_detected_CRE	no_detected_CRE	no_detected_CRE	present
rufa_group	DMEL_CRE_00218	comparison_mixed	druf	TEMP	no_detected_CRE	dkik|dbun|dbir|d_serrata	TROP	mixed	no_detected_CRE	present	no_detected_CRE	no_detected_CRE	no_detected_CRE
rufa_group	DMEL_CRE_00219	comparison_mixed	druf	TEMP	no_detected_CRE	dkik|dbun|dbir|d_serrata	TROP	mixed	no_detected_CRE	no_detected_CRE	no_detected_CRE	no_detected_CRE	present
rufa_group	DMEL_CRE_00220	comparison_mixed	druf	TEMP	present	dkik|dbun|dbir|d_serrata	TROP	mixed	present	no_detected_CRE	turnover_candidate	no_detected_CRE	turnover_candidate
rufa_group	DMEL_CRE_00221	comparison_mixed	druf	TEMP	no_detected_CRE	dkik|dbun|dbir|d_serrata	TROP	mixed	no_detected_CRE	no_detected_CRE	turnover_candidate	turnover_candidate	no_detected_CRE
rufa_group	DMEL_CRE_00222	all_same	druf	TEMP	no_detected_CRE	dkik|dbun|dbir|d_serrata	TROP	no_detected_CRE	no_detected_CRE	no_detected_CRE	no_detected_CRE	no_detected_CRE	no_detected_CRE
rufa_group	DMEL_CRE_00223	comparison_mixed	druf	TEMP	turnover_candidate	dkik|dbun|dbir|d_serrata	TROP	mixed	turnover_candidate	no_detected_CRE	no_detected_CRE	turnover_candidate	no_detected_CRE
rufa_group	DMEL_CRE_00224	all_same	druf	TEMP	no_detected_CRE	dkik|dbun|dbir|d_serrata	TROP	no_detected_CRE	no_detected_CRE	no_detected_CRE	no_detected_CRE	no_detected_CRE	no_detected_CRE
rufa_group	DMEL_CRE_00225	comparison_mixed	druf	TEMP	turnover_candidate	dkik|dbun|dbir|d_serrata	TROP	mixed	turnover_candidate	no_detected_CRE	no_detected_CRE	present	no_detected_CRE
rufa_group	DMEL_CRE_00226	comparison_mixed	druf	TEMP	turnover_candidate	dkik|dbun|dbir|d_serrata	TROP	mixed	turnover_candidate	no_detected_CRE	turnover_candidate	no_detected_CRE	no_detected_CRE
rufa_group	DMEL_CRE_00227	comparison_mixed	druf	TEMP	no_detected_CRE	dkik|dbun|dbir|d_serrata	TROP	mixed	no_detected_CRE	no_detected_CRE	turnover_candidate	no_detected_CRE	turnover_candidate
rufa_group	DMEL_CRE_00228	comparison_mixed	druf	TEMP	no_detected_CRE	dkik|dbun|dbir|d_serrata	TROP	mixed	no_detected_CRE	no_detected_CRE	present	no_detected_CRE	present
rufa_group	DMEL_CRE_00229	all_same	druf	TEMP	no_detected_CRE	dkik|dbun|dbir|d_serrata	TROP	no_detected_CRE	no_detected_CRE	no_detected_CRE	no_detected_CRE	no_detected_CRE	no_detected_CRE
rufa_group	DMEL_CRE_00230	tier2	druf	TEMP	present	dkik|dbun|dbir|d_serrata	TROP	no_detected_CRE	present	no_detected_CRE	no_detected_CRE	no_detected_CRE	no_detected_CRE
rufa_group	DMEL_CRE_00231	all_same	druf	TEMP	no_detected_CRE	dkik|dbun|dbir|d_serrata	TROP	no_detected_CRE	no_detected_CRE	no_detected_CRE	no_detected_CRE	no_detected_CRE	no_detected_CRE
rufa_group	DMEL_CRE_00232	all_same	druf	TEMP	no_detected_CRE	dkik|dbun|dbir|d_serrata	TROP	no_detected_CRE	no_detected_CRE	no_detected_CRE	no_detected_CRE	no_detected_CRE	no_detected_CRE
rufa_group	DMEL_CRE_00233	comparison_mixed	druf	TEMP	no_detected_CRE	dkik|dbun|dbir|d_serrata	TROP	mixed	no_detected_CRE	no_detected_CRE	present	no_detected_CRE	no_detected_CRE
rufa_group	DMEL_CRE_00234	comparison_mixed	druf	TEMP	no_detected_CRE	dkik|dbun|dbir|d_serrata	TROP	mixed	no_detected_CRE	no_detected_CRE	turnover_candidate	no_detected_CRE	no_detected_CRE
rufa_group	DMEL_CRE_00235	comparison_mixed	druf	TEMP	no_detected_CRE	dkik|dbun|dbir|d_serrata	TROP	mixed	no_detected_CRE	no_detected_CRE	no_detected_CRE	no_detected_CRE	present
rufa_group	DMEL_CRE_00236	comparison_mixed	druf	TEMP	present	dkik|dbun|dbir|d_serrata	TROP	mixed	present	no_detected_CRE	present	no_detected_CRE	no_detected_CRE
rufa_group	DMEL_CRE_00237	comparison_mixed	druf	TEMP	present	dkik|dbun|dbir|d_serrata	TROP	mixed	present	present	no_detected_CRE	no_detected_CRE	no_detected_CRE
rufa_group	DMEL_CRE_00238	comparison_mixed	druf	TEMP	no_detected_CRE	dkik|dbun|dbir|d_serrata	TROP	mixed	no_detected_CRE	no_detected_CRE	no_detected_CRE	no_detected_CRE	turnover_candidate
rufa_group	DMEL_CRE_00239	all_same	druf	TEMP	no_detected_CRE	dkik|dbun|dbir|d_serrata	TROP	no_detected_CRE	no_detected_CRE	no_detected_CRE	no_detected_CRE	no_detected_CRE	no_detected_CRE
rufa_group	DMEL_CRE_00240	all_same	druf	TEMP	no_detected_CRE	dkik|dbun|dbir|d_serrata	TROP	no_detected_CRE	no_detected_CRE	no_detected_CRE	no_detected_CRE	no_detected_CRE	no_detected_CRE
rufa_group	DMEL_CRE_00241	comparison_mixed	druf	TEMP	no_detected_CRE	dkik|dbun|dbir|d_serrata	TROP	mixed	no_detected_CRE	no_detected_CRE	no_detected_CRE	present	no_detected_CRE
rufa_group	DMEL_CRE_00242	comparison_mixed	druf	TEMP	no_detected_CRE	dkik|dbun|dbir|d_serrata	TROP	mixed	no_detected_CRE	no_detected_CRE	no_detected_CRE	turnover_candidate	no_detected_CRE
rufa_group	DMEL_CRE_00243	comparison_mixed	druf	TEMP	no_detected_CRE	dkik|dbun|dbir|d_serrata	TROP	mixed	no_detected_CRE	no_detected_CRE	turnover_candidate	no_detected_CRE	turnover_candidate
rufa_group	DMEL_CRE_00244	all_same	druf	TEMP	no_detected_CRE	dkik|dbun|dbir|d_serrata	TROP	no_detected_CRE	no_detected_CRE	no_detected_CRE	no_detected_CRE	no_detected_CRE	no_detected_CRE
rufa_group	DMEL_CRE_00245	all_same	druf	TEMP	no_detected_CRE	dkik|dbun|dbir|d_serrata	TROP	no_detected_CRE	no_detected_CRE	no_detected_CRE	no_detected_CRE	no_detected_CRE	no_detected_CRE
rufa_group	DMEL_CRE_00246	comparison_mixed	druf	TEMP	uncertain	dkik|dbun|dbir|d_serrata	TROP	mixed	uncertain	no_detected_CRE	uncertain	uncertain	uncertain
rufa_group	DMEL_CRE_00247	all_same	druf	TEMP	no_detected_CRE	dkik|dbun|dbir|d_serrata	TROP	no_detected_CRE	no_detected_CRE	no_detected_CRE	no_detected_CRE	no_detected_CRE	no_detected_CRE
rufa_group	DMEL_CRE_00248	all_same	druf	TEMP	no_detected_CRE	dkik|dbun|dbir|d_serrata	TROP	no_detected_CRE	no_detected_CRE	no_detected_CRE	no_detected_CRE	no_detected_CRE	no_detected_CRE
rufa_group	DMEL_CRE_00249	all_same	druf	TEMP	no_detected_CRE	dkik|dbun|dbir|d_serrata	TROP	no_detected_CRE	no_detected_CRE	no_detected_CRE	no_detected_CRE	no_detected_CRE	no_detected_CRE
rufa_group	DMEL_CRE_00250	all_same	druf	TEMP	no_detected_CRE	dkik|dbun|dbir|d_serrata	TROP	no_detected_CRE	no_detected_CRE	no_detected_CRE	no_detected_CRE	no_detected_CRE	no_detected_CRE
rufa_group	DMEL_CRE_00251	comparison_mixed	druf	TEMP	no_detected_CRE	dkik|dbun|dbir|d_serrata	TROP	mixed	no_detected_CRE	no_detected_CRE	turnover_candidate	no_detected_CRE	turnover_candidate
rufa_group	DMEL_CRE_00252	comparison_mixed	druf	TEMP	no_detected_CRE	dkik|dbun|dbir|d_serrata	TROP	mixed	no_detected_CRE	no_detected_CRE	no_detected_CRE	turnover_candidate	no_detected_CRE
rufa_group	DMEL_CRE_00253	all_same	druf	TEMP	no_detected_CRE	dkik|dbun|dbir|d_serrata	TROP	no_detected_CRE	no_detected_CRE	no_detected_CRE	no_detected_CRE	no_detected_CRE	no_detected_CRE
rufa_group	DMEL_CRE_00254	comparison_mixed	druf	TEMP	no_detected_CRE	dkik|dbun|dbir|d_serrata	TROP	mixed	no_detected_CRE	no_detected_CRE	no_detected_CRE	no_detected_CRE	uncertain
rufa_group	DMEL_CRE_00255	comparison_mixed	druf	TEMP	no_detected_CRE	dkik|dbun|dbir|d_serrata	TROP	mixed	no_detected_CRE	no_detected_CRE	no_detected_CRE	no_detected_CRE	present
rufa_group	DMEL_CRE_00256	comparison_mixed	druf	TEMP	no_detected_CRE	dkik|dbun|dbir|d_serrata	TROP	mixed	no_detected_CRE	no_detected_CRE	no_detected_CRE	no_detected_CRE	turnover_candidate
rufa_group	DMEL_CRE_00257	all_same	druf	TEMP	no_detected_CRE	dkik|dbun|dbir|d_serrata	TROP	no_detected_CRE	no_detected_CRE	no_detected_CRE	no_detected_CRE	no_detected_CRE	no_detected_CRE
rufa_group	DMEL_CRE_00258	comparison_mixed	druf	TEMP	no_detected_CRE	dkik|dbun|dbir|d_serrata	TROP	mixed	no_detected_CRE	no_detected_CRE	no_detected_CRE	turnover_candidate	turnover_candidate
rufa_group	DMEL_CRE_00259	all_same	druf	TEMP	no_detected_CRE	dkik|dbun|dbir|d_serrata	TROP	no_detected_CRE	no_detected_CRE	no_detected_CRE	no_detected_CRE	no_detected_CRE	no_detected_CRE
rufa_group	DMEL_CRE_00260	all_same	druf	TEMP	uncertain	dkik|dbun|dbir|d_serrata	TROP	uncertain	uncertain	uncertain	uncertain	uncertain	uncertain
rufa_group	DMEL_CRE_00261	all_same	druf	TEMP	uncertain	dkik|dbun|dbir|d_serrata	TROP	uncertain	uncertain	uncertain	uncertain	uncertain	uncertain
rufa_group	DMEL_CRE_00262	all_same	druf	TEMP	no_detected_CRE	dkik|dbun|dbir|d_serrata	TROP	no_detected_CRE	no_detected_CRE	no_detected_CRE	no_detected_CRE	no_detected_CRE	no_detected_CRE
rufa_group	DMEL_CRE_00263	comparison_mixed	druf	TEMP	no_detected_CRE	dkik|dbun|dbir|d_serrata	TROP	mixed	no_detected_CRE	turnover_candidate	no_detected_CRE	no_detected_CRE	turnover_candidate
rufa_group	DMEL_CRE_00264	comparison_mixed	druf	TEMP	no_detected_CRE	dkik|dbun|dbir|d_serrata	TROP	mixed	no_detected_CRE	turnover_candidate	no_detected_CRE	no_detected_CRE	turnover_candidate
rufa_group	DMEL_CRE_00265	all_same	druf	TEMP	no_detected_CRE	dkik|dbun|dbir|d_serrata	TROP	no_detected_CRE	no_detected_CRE	no_detected_CRE	no_detected_CRE	no_detected_CRE	no_detected_CRE
rufa_group	DMEL_CRE_00266	all_same	druf	TEMP	no_detected_CRE	dkik|dbun|dbir|d_serrata	TROP	no_detected_CRE	no_detected_CRE	no_detected_CRE	no_detected_CRE	no_detected_CRE	no_detected_CRE
rufa_group	DMEL_CRE_00267	all_same	druf	TEMP	no_detected_CRE	dkik|dbun|dbir|d_serrata	TROP	no_detected_CRE	no_detected_CRE	no_detected_CRE	no_detected_CRE	no_detected_CRE	no_detected_CRE
rufa_group	DMEL_CRE_00268	all_same	druf	TEMP	no_detected_CRE	dkik|dbun|dbir|d_serrata	TROP	no_detected_CRE	no_detected_CRE	no_detected_CRE	no_detected_CRE	no_detected_CRE	no_detected_CRE
rufa_group	DMEL_CRE_00269	comparison_mixed	druf	TEMP	no_detected_CRE	dkik|dbun|dbir|d_serrata	TROP	mixed	no_detected_CRE	no_detected_CRE	no_detected_CRE	no_detected_CRE	present
rufa_group	DMEL_CRE_00270	all_same	druf	TEMP	no_detected_CRE	dkik|dbun|dbir|d_serrata	TROP	no_detected_CRE	no_detected_CRE	no_detected_CRE	no_detected_CRE	no_detected_CRE	no_detected_CRE
rufa_group	DMEL_CRE_00271	comparison_mixed	druf	TEMP	turnover_candidate	dkik|dbun|dbir|d_serrata	TROP	mixed	turnover_candidate	no_detected_CRE	no_detected_CRE	turnover_candidate	no_detected_CRE
rufa_group	DMEL_CRE_00272	comparison_mixed	druf	TEMP	turnover_candidate	dkik|dbun|dbir|d_serrata	TROP	mixed	turnover_candidate	no_detected_CRE	turnover_candidate	no_detected_CRE	no_detected_CRE
rufa_group	DMEL_CRE_00273	all_same	druf	TEMP	present	dkik|dbun|dbir|d_serrata	TROP	present	present	present	present	present	present
rufa_group	DMEL_CRE_00274	comparison_mixed	druf	TEMP	no_detected_CRE	dkik|dbun|dbir|d_serrata	TROP	mixed	no_detected_CRE	turnover_candidate	no_detected_CRE	no_detected_CRE	no_detected_CRE
rufa_group	DMEL_CRE_00275	all_same	druf	TEMP	turnover_candidate	dkik|dbun|dbir|d_serrata	TROP	turnover_candidate	turnover_candidate	turnover_candidate	turnover_candidate	turnover_candidate	turnover_candidate
rufa_group	DMEL_CRE_00276	all_same	druf	TEMP	present	dkik|dbun|dbir|d_serrata	TROP	present	present	present	present	present	present
rufa_group	DMEL_CRE_00277	all_same	druf	TEMP	present	dkik|dbun|dbir|d_serrata	TROP	present	present	present	present	present	present
rufa_group	DMEL_CRE_00278	all_same	druf	TEMP	present	dkik|dbun|dbir|d_serrata	TROP	present	present	present	present	present	present
rufa_group	DMEL_CRE_00279	tier2	druf	TEMP	turnover_candidate	dkik|dbun|dbir|d_serrata	TROP	no_detected_CRE	turnover_candidate	no_detected_CRE	no_detected_CRE	no_detected_CRE	no_detected_CRE
rufa_group	DMEL_CRE_00280	all_same	druf	TEMP	no_detected_CRE	dkik|dbun|dbir|d_serrata	TROP	no_detected_CRE	no_detected_CRE	no_detected_CRE	no_detected_CRE	no_detected_CRE	no_detected_CRE
rufa_group	DMEL_CRE_00281	all_same	druf	TEMP	no_detected_CRE	dkik|dbun|dbir|d_serrata	TROP	no_detected_CRE	no_detected_CRE	no_detected_CRE	no_detected_CRE	no_detected_CRE	no_detected_CRE
rufa_group	DMEL_CRE_00282	all_same	druf	TEMP	no_detected_CRE	dkik|dbun|dbir|d_serrata	TROP	no_detected_CRE	no_detected_CRE	no_detected_CRE	no_detected_CRE	no_detected_CRE	no_detected_CRE
rufa_group	DMEL_CRE_00283	all_same	druf	TEMP	no_detected_CRE	dkik|dbun|dbir|d_serrata	TROP	no_detected_CRE	no_detected_CRE	no_detected_CRE	no_detected_CRE	no_detected_CRE	no_detected_CRE
rufa_group	DMEL_CRE_00284	all_same	druf	TEMP	no_detected_CRE	dkik|dbun|dbir|d_serrata	TROP	no_detected_CRE	no_detected_CRE	no_detected_CRE	no_detected_CRE	no_detected_CRE	no_detected_CRE
rufa_group	DMEL_CRE_00285	all_same	druf	TEMP	no_detected_CRE	dkik|dbun|dbir|d_serrata	TROP	no_detected_CRE	no_detected_CRE	no_detected_CRE	no_detected_CRE	no_detected_CRE	no_detected_CRE
rufa_group	DMEL_CRE_00286	all_same	druf	TEMP	no_detected_CRE	dkik|dbun|dbir|d_serrata	TROP	no_detected_CRE	no_detected_CRE	no_detected_CRE	no_detected_CRE	no_detected_CRE	no_detected_CRE
rufa_group	DMEL_CRE_00287	all_same	druf	TEMP	uncertain	dkik|dbun|dbir|d_serrata	TROP	uncertain	uncertain	uncertain	uncertain	uncertain	uncertain
rufa_group	DMEL_CRE_00288	all_same	druf	TEMP	no_detected_CRE	dkik|dbun|dbir|d_serrata	TROP	no_detected_CRE	no_detected_CRE	no_detected_CRE	no_detected_CRE	no_detected_CRE	no_detected_CRE
rufa_group	DMEL_CRE_00289	all_same	druf	TEMP	no_detected_CRE	dkik|dbun|dbir|d_serrata	TROP	no_detected_CRE	no_detected_CRE	no_detected_CRE	no_detected_CRE	no_detected_CRE	no_detected_CRE
rufa_group	DMEL_CRE_00290	all_same	druf	TEMP	no_detected_CRE	dkik|dbun|dbir|d_serrata	TROP	no_detected_CRE	no_detected_CRE	no_detected_CRE	no_detected_CRE	no_detected_CRE	no_detected_CRE
rufa_group	DMEL_CRE_00291	comparison_mixed	druf	TEMP	present	dkik|dbun|dbir|d_serrata	TROP	mixed	present	no_detected_CRE	present	present	present
rufa_group	DMEL_CRE_00292	tier2	druf	TEMP	no_detected_CRE	dkik|dbun|dbir|d_serrata	TROP	turnover_candidate	no_detected_CRE	turnover_candidate	turnover_candidate	turnover_candidate	turnover_candidate
rufa_group	DMEL_CRE_00293	all_same	druf	TEMP	no_detected_CRE	dkik|dbun|dbir|d_serrata	TROP	no_detected_CRE	no_detected_CRE	no_detected_CRE	no_detected_CRE	no_detected_CRE	no_detected_CRE
rufa_group	DMEL_CRE_00294	all_same	druf	TEMP	turnover_candidate	dkik|dbun|dbir|d_serrata	TROP	turnover_candidate	turnover_candidate	turnover_candidate	turnover_candidate	turnover_candidate	turnover_candidate
rufa_group	DMEL_CRE_00295	comparison_mixed	druf	TEMP	present	dkik|dbun|dbir|d_serrata	TROP	mixed	present	present	no_detected_CRE	present	present
rufa_group	DMEL_CRE_00296	tier2	druf	TEMP	turnover_candidate	dkik|dbun|dbir|d_serrata	TROP	no_detected_CRE	turnover_candidate	no_detected_CRE	no_detected_CRE	no_detected_CRE	no_detected_CRE
rufa_group	DMEL_CRE_00297	comparison_mixed	druf	TEMP	present	dkik|dbun|dbir|d_serrata	TROP	mixed	present	present	present	no_detected_CRE	no_detected_CRE
rufa_group	DMEL_CRE_00298	comparison_mixed	druf	TEMP	no_detected_CRE	dkik|dbun|dbir|d_serrata	TROP	mixed	no_detected_CRE	no_detected_CRE	no_detected_CRE	present	no_detected_CRE
rufa_group	DMEL_CRE_00299	all_same	druf	TEMP	no_detected_CRE	dkik|dbun|dbir|d_serrata	TROP	no_detected_CRE	no_detected_CRE	no_detected_CRE	no_detected_CRE	no_detected_CRE	no_detected_CRE
rufa_group	DMEL_CRE_00300	comparison_mixed	druf	TEMP	no_detected_CRE	dkik|dbun|dbir|d_serrata	TROP	mixed	no_detected_CRE	no_detected_CRE	no_detected_CRE	no_detected_CRE	turnover_candidate
rufa_group	DMEL_CRE_00301	all_same	druf	TEMP	no_detected_CRE	dkik|dbun|dbir|d_serrata	TROP	no_detected_CRE	no_detected_CRE	no_detected_CRE	no_detected_CRE	no_detected_CRE	no_detected_CRE
rufa_group	DMEL_CRE_00302	all_same	druf	TEMP	present	dkik|dbun|dbir|d_serrata	TROP	present	present	present	present	present	present
rufa_group	DMEL_CRE_00303	comparison_mixed	druf	TEMP	no_detected_CRE	dkik|dbun|dbir|d_serrata	TROP	mixed	no_detected_CRE	turnover_candidate	no_detected_CRE	no_detected_CRE	turnover_candidate
rufa_group	DMEL_CRE_00304	comparison_mixed	druf	TEMP	no_detected_CRE	dkik|dbun|dbir|d_serrata	TROP	mixed	no_detected_CRE	turnover_candidate	turnover_candidate	no_detected_CRE	turnover_candidate
rufa_group	DMEL_CRE_00305	all_same	druf	TEMP	no_detected_CRE	dkik|dbun|dbir|d_serrata	TROP	no_detected_CRE	no_detected_CRE	no_detected_CRE	no_detected_CRE	no_detected_CRE	no_detected_CRE
rufa_group	DMEL_CRE_00306	all_same	druf	TEMP	no_detected_CRE	dkik|dbun|dbir|d_serrata	TROP	no_detected_CRE	no_detected_CRE	no_detected_CRE	no_detected_CRE	no_detected_CRE	no_detected_CRE
rufa_group	DMEL_CRE_00307	comparison_mixed	druf	TEMP	no_detected_CRE	dkik|dbun|dbir|d_serrata	TROP	mixed	no_detected_CRE	uncertain	no_detected_CRE	no_detected_CRE	uncertain
rufa_group	DMEL_CRE_00308	all_same	druf	TEMP	no_detected_CRE	dkik|dbun|dbir|d_serrata	TROP	no_detected_CRE	no_detected_CRE	no_detected_CRE	no_detected_CRE	no_detected_CRE	no_detected_CRE
rufa_group	DMEL_CRE_00309	comparison_mixed	druf	TEMP	no_detected_CRE	dkik|dbun|dbir|d_serrata	TROP	mixed	no_detected_CRE	no_detected_CRE	turnover_candidate	turnover_candidate	no_detected_CRE
rufa_group	DMEL_CRE_00310	all_same	druf	TEMP	present	dkik|dbun|dbir|d_serrata	TROP	present	present	present	present	present	present
rufa_group	DMEL_CRE_00311	comparison_mixed	druf	TEMP	present	dkik|dbun|dbir|d_serrata	TROP	mixed	present	present	turnover_candidate	turnover_candidate	turnover_candidate
rufa_group	DMEL_CRE_00312	all_same	druf	TEMP	no_detected_CRE	dkik|dbun|dbir|d_serrata	TROP	no_detected_CRE	no_detected_CRE	no_detected_CRE	no_detected_CRE	no_detected_CRE	no_detected_CRE
rufa_group	DMEL_CRE_00313	all_same	druf	TEMP	turnover_candidate	dkik|dbun|dbir|d_serrata	TROP	turnover_candidate	turnover_candidate	turnover_candidate	turnover_candidate	turnover_candidate	turnover_candidate
rufa_group	DMEL_CRE_00314	all_same	druf	TEMP	no_detected_CRE	dkik|dbun|dbir|d_serrata	TROP	no_detected_CRE	no_detected_CRE	no_detected_CRE	no_detected_CRE	no_detected_CRE	no_detected_CRE
rufa_group	DMEL_CRE_00315	comparison_mixed	druf	TEMP	no_detected_CRE	dkik|dbun|dbir|d_serrata	TROP	mixed	no_detected_CRE	turnover_candidate	no_detected_CRE	no_detected_CRE	no_detected_CRE
rufa_group	DMEL_CRE_00316	comparison_mixed	druf	TEMP	no_detected_CRE	dkik|dbun|dbir|d_serrata	TROP	mixed	no_detected_CRE	no_detected_CRE	no_detected_CRE	no_detected_CRE	turnover_candidate
rufa_group	DMEL_CRE_00317	comparison_mixed	druf	TEMP	no_detected_CRE	dkik|dbun|dbir|d_serrata	TROP	mixed	no_detected_CRE	turnover_candidate	turnover_candidate	no_detected_CRE	no_detected_CRE
rufa_group	DMEL_CRE_00318	all_same	druf	TEMP	turnover_candidate	dkik|dbun|dbir|d_serrata	TROP	turnover_candidate	turnover_candidate	turnover_candidate	turnover_candidate	turnover_candidate	turnover_candidate
rufa_group	DMEL_CRE_00319	all_same	druf	TEMP	present	dkik|dbun|dbir|d_serrata	TROP	present	present	present	present	present	present
rufa_group	DMEL_CRE_00320	all_same	druf	TEMP	no_detected_CRE	dkik|dbun|dbir|d_serrata	TROP	no_detected_CRE	no_detected_CRE	no_detected_CRE	no_detected_CRE	no_detected_CRE	no_detected_CRE
rufa_group	DMEL_CRE_00321	comparison_mixed	druf	TEMP	turnover_candidate	dkik|dbun|dbir|d_serrata	TROP	mixed	turnover_candidate	turnover_candidate	turnover_candidate	present	turnover_candidate
rufa_group	DMEL_CRE_00322	all_same	druf	TEMP	no_detected_CRE	dkik|dbun|dbir|d_serrata	TROP	no_detected_CRE	no_detected_CRE	no_detected_CRE	no_detected_CRE	no_detected_CRE	no_detected_CRE
rufa_group	DMEL_CRE_00323	comparison_mixed	druf	TEMP	no_detected_CRE	dkik|dbun|dbir|d_serrata	TROP	mixed	no_detected_CRE	turnover_candidate	turnover_candidate	turnover_candidate	uncertain
rufa_group	DMEL_CRE_00324	comparison_mixed	druf	TEMP	present	dkik|dbun|dbir|d_serrata	TROP	mixed	present	no_detected_CRE	turnover_candidate	present	no_detected_CRE
rufa_group	DMEL_CRE_00325	all_same	druf	TEMP	no_detected_CRE	dkik|dbun|dbir|d_serrata	TROP	no_detected_CRE	no_detected_CRE	no_detected_CRE	no_detected_CRE	no_detected_CRE	no_detected_CRE
rufa_group	DMEL_CRE_00326	all_same	druf	TEMP	no_detected_CRE	dkik|dbun|dbir|d_serrata	TROP	no_detected_CRE	no_detected_CRE	no_detected_CRE	no_detected_CRE	no_detected_CRE	no_detected_CRE
rufa_group	DMEL_CRE_00327	all_same	druf	TEMP	no_detected_CRE	dkik|dbun|dbir|d_serrata	TROP	no_detected_CRE	no_detected_CRE	no_detected_CRE	no_detected_CRE	no_detected_CRE	no_detected_CRE
rufa_group	DMEL_CRE_00328	all_same	druf	TEMP	present	dkik|dbun|dbir|d_serrata	TROP	present	present	present	present	present	present
rufa_group	DMEL_CRE_00329	tier2	druf	TEMP	turnover_candidate	dkik|dbun|dbir|d_serrata	TROP	no_detected_CRE	turnover_candidate	no_detected_CRE	no_detected_CRE	no_detected_CRE	no_detected_CRE
rufa_group	DMEL_CRE_00330	comparison_mixed	druf	TEMP	present	dkik|dbun|dbir|d_serrata	TROP	mixed	present	present	present	present	turnover_candidate
rufa_group	DMEL_CRE_00331	comparison_mixed	druf	TEMP	turnover_candidate	dkik|dbun|dbir|d_serrata	TROP	mixed	turnover_candidate	turnover_candidate	turnover_candidate	turnover_candidate	present
rufa_group	DMEL_CRE_00332	comparison_mixed	druf	TEMP	no_detected_CRE	dkik|dbun|dbir|d_serrata	TROP	mixed	no_detected_CRE	no_detected_CRE	turnover_candidate	no_detected_CRE	turnover_candidate
rufa_group	DMEL_CRE_00333	comparison_mixed	druf	TEMP	no_detected_CRE	dkik|dbun|dbir|d_serrata	TROP	mixed	no_detected_CRE	no_detected_CRE	turnover_candidate	no_detected_CRE	no_detected_CRE
rufa_group	DMEL_CRE_00334	all_same	druf	TEMP	no_detected_CRE	dkik|dbun|dbir|d_serrata	TROP	no_detected_CRE	no_detected_CRE	no_detected_CRE	no_detected_CRE	no_detected_CRE	no_detected_CRE
rufa_group	DMEL_CRE_00335	all_same	druf	TEMP	no_detected_CRE	dkik|dbun|dbir|d_serrata	TROP	no_detected_CRE	no_detected_CRE	no_detected_CRE	no_detected_CRE	no_detected_CRE	no_detected_CRE
rufa_group	DMEL_CRE_00336	all_same	druf	TEMP	no_detected_CRE	dkik|dbun|dbir|d_serrata	TROP	no_detected_CRE	no_detected_CRE	no_detected_CRE	no_detected_CRE	no_detected_CRE	no_detected_CRE
rufa_group	DMEL_CRE_00337	all_same	druf	TEMP	no_detected_CRE	dkik|dbun|dbir|d_serrata	TROP	no_detected_CRE	no_detected_CRE	no_detected_CRE	no_detected_CRE	no_detected_CRE	no_detected_CRE
