species	n_reference_cres	n_scrmshaw_peaks	mapped	unmapped	mapping_rate	n_prediction_seqids	n_lifted_seqids	n_common_seqids	prediction_seqid_overlap_fraction	lifted_seqid_overlap_fraction	any_positional_overlap	any_overlap_rate_evaluable	lifted_overlap_ge_50pct	peak_overlap_ge_50pct	reciprocal_overlap_ge_50pct	reciprocal_overlap_rate_evaluable	positional_match	turnover_candidate	unique_turnover_target_peaks	no_detected_CRE	uncertain	same_fbgn_peak_anywhere	same_fbgn_peak_local	positional_match_rate_evaluable	turnover_rate_evaluable	qc_flags
dazt	337	734	262	75	0.777448	17	16	15	0.882353	0.937500	52	0.198473	47	49	46	0.175573	46	68	61	148	75	129	123	0.175573	0.259542	OK
dbif	337	521	252	85	0.747774	5	4	4	0.800000	1.000000	43	0.170635	37	40	37	0.146825	37	50	46	165	85	105	102	0.146825	0.198413	OK
dbir	337	437	310	27	0.919881	17	13	8	0.470588	0.615385	55	0.177419	53	54	53	0.170968	53	63	54	194	27	120	116	0.170968	0.203226	OK
dbun	337	468	314	23	0.931751	26	25	21	0.807692	0.840000	56	0.178344	50	51	47	0.149682	47	73	60	194	23	124	117	0.149682	0.232484	OK
dequ	337	573	161	176	0.477745	43	18	18	0.418605	1.000000	19	0.118012	15	17	15	0.093168	15	37	35	109	176	112	108	0.093168	0.229814	LOW_MAPPING
dfor	337	572	168	169	0.498516	41	26	26	0.634146	1.000000	26	0.154762	22	24	21	0.125000	21	41	34	106	169	118	112	0.125000	0.244048	LOW_MAPPING
dfun	337	558	174	163	0.516320	9	6	5	0.555556	0.833333	20	0.114943	18	17	17	0.097701	17	42	33	115	163	98	94	0.097701	0.241379	OK
dimm	337	517	165	172	0.489614	23	20	15	0.652174	0.750000	20	0.121212	19	18	17	0.103030	17	33	26	115	172	107	100	0.103030	0.200000	LOW_MAPPING
dkik	337	376	311	26	0.922849	12	7	6	0.500000	0.857143	45	0.144695	41	43	41	0.131833	41	65	49	205	26	107	101	0.131833	0.209003	OK
dmir	337	519	261	76	0.774481	10	7	7	0.700000	1.000000	44	0.168582	40	41	39	0.149425	39	59	51	163	76	115	114	0.149425	0.226054	OK
dnas	337	527	172	165	0.510386	6	4	4	0.666667	1.000000	22	0.127907	21	20	20	0.116279	20	37	30	115	165	112	110	0.116279	0.215116	OK
dobs	337	612	268	69	0.795252	40	33	33	0.825000	1.000000	42	0.156716	37	38	35	0.130597	35	71	56	162	69	119	116	0.130597	0.264925	OK
dper	337	519	254	83	0.753709	45	37	36	0.800000	0.972973	42	0.165354	37	39	37	0.145669	37	64	56	153	83	115	114	0.145669	0.251969	OK
dpha	337	538	166	171	0.492582	12	5	5	0.416667	1.000000	18	0.108434	16	18	16	0.096386	16	46	38	104	171	118	115	0.096386	0.277108	LOW_MAPPING
dpse	337	403	283	54	0.839763	127	96	82	0.645669	0.854167	48	0.169611	43	45	42	0.148410	42	62	50	179	54	109	108	0.148410	0.219081	OK
druf	337	439	310	27	0.919881	13	8	8	0.615385	1.000000	53	0.170968	45	51	45	0.145161	45	68	54	197	27	116	110	0.145161	0.219355	OK
dsub	337	533	256	81	0.759644	6	6	6	1.000000	1.000000	41	0.160156	34	39	34	0.132812	34	74	59	148	81	128	125	0.132812	0.289062	OK
dsul	337	506	171	166	0.507418	53	45	41	0.773585	0.911111	23	0.134503	19	20	18	0.105263	18	44	37	109	166	108	106	0.105263	0.257310	OK
dsuz	337	446	331	6	0.982196	42	24	23	0.547619	0.958333	81	0.244713	75	79	75	0.226586	75	62	53	194	6	128	122	0.226586	0.187311	OK
dtei	337	362	333	4	0.988131	9	6	5	0.555556	0.833333	100	0.300300	97	98	97	0.291291	97	52	39	184	4	136	128	0.291291	0.156156	OK
dtro	337	653	160	177	0.474777	44	23	22	0.500000	0.956522	17	0.106250	13	14	11	0.068750	11	42	38	107	177	118	113	0.068750	0.262500	LOW_MAPPING
dvir	337	465	166	171	0.492582	31	22	21	0.677419	0.954545	22	0.132530	18	22	18	0.108434	18	28	24	120	171	91	91	0.108434	0.168675	LOW_MAPPING
zdav	337	480	159	178	0.471810	15	13	12	0.800000	0.923077	25	0.157233	19	20	18	0.113208	18	32	31	109	178	109	100	0.113208	0.201258	LOW_MAPPING
zind	337	645	160	177	0.474777	23	23	20	0.869565	0.869565	24	0.150000	20	20	18	0.112500	18	42	37	100	177	110	102	0.112500	0.262500	LOW_MAPPING
ztub	337	476	150	187	0.445104	21	13	10	0.476190	0.769231	14	0.093333	11	10	9	0.060000	9	37	32	104	187	80	77	0.060000	0.246667	LOW_MAPPING
d_affinis	337	561	265	72	0.786350	30	21	21	0.700000	1.000000	49	0.184906	42	44	40	0.150943	40	60	51	165	72	112	108	0.150943	0.226415	OK
d_arizonae	337	622	147	190	0.436202	15	12	6	0.400000	0.500000	19	0.129252	18	16	16	0.108844	16	39	33	92	190	101	98	0.108844	0.265306	LOW_MAPPING
d_bipectinata	337	390	292	45	0.866469	15	15	11	0.733333	0.733333	51	0.174658	46	47	44	0.150685	44	52	43	196	45	102	98	0.150685	0.178082	OK
d_buzzatii	337	395	163	174	0.483680	68	39	33	0.485294	0.846154	15	0.092025	13	14	13	0.079755	13	34	31	116	174	103	89	0.079755	0.208589	LOW_MAPPING
d_ezoana	337	581	174	163	0.516320	27	21	20	0.740741	0.952381	27	0.155172	24	24	23	0.132184	23	47	40	104	163	118	112	0.132184	0.270115	OK
d_hydei	337	442	165	172	0.489614	66	44	43	0.651515	0.977273	12	0.072727	7	8	6	0.036364	6	44	38	115	172	101	95	0.036364	0.266667	LOW_MAPPING
d_littoralis	337	577	170	167	0.504451	22	16	15	0.681818	0.937500	21	0.123529	19	19	19	0.111765	19	29	28	122	167	97	94	0.111765	0.170588	OK
d_lutescens	337	457	329	8	0.976261	126	91	75	0.595238	0.824176	87	0.264438	81	84	80	0.243161	80	57	46	192	8	122	117	0.243161	0.173252	OK
d_mercatorum	337	521	163	174	0.483680	27	19	19	0.703704	1.000000	13	0.079755	10	12	9	0.055215	9	46	41	108	174	108	107	0.055215	0.282209	LOW_MAPPING
d_mojavensis	337	557	165	172	0.489614	14	10	10	0.714286	1.000000	18	0.109091	16	16	15	0.090909	15	44	35	106	172	112	107	0.090909	0.266667	LOW_MAPPING
d_novamexicana	337	436	166	171	0.492582	79	55	52	0.658228	0.945455	20	0.120482	18	19	18	0.108434	18	42	36	106	171	100	95	0.108434	0.253012	LOW_MAPPING
d_repleta	337	559	166	171	0.492582	31	23	19	0.612903	0.826087	19	0.114458	14	15	13	0.078313	13	41	33	112	171	108	106	0.078313	0.246988	LOW_MAPPING
d_serrata	337	420	308	29	0.913947	67	53	47	0.701493	0.886792	56	0.181818	51	52	50	0.162338	50	68	58	190	29	112	111	0.162338	0.220779	OK
d_simulans	337	337	334	3	0.991098	6	6	5	0.833333	0.833333	146	0.437126	143	144	142	0.425150	142	44	33	148	3	160	158	0.425150	0.131737	OK
